study_id,repeat,fold,role,seed
PUB-CBB1CA195546,1,1,train,1101
PUB-67C126EADCD7,1,1,test,1101
PUB-AB76135DF9CA,1,1,train,1101
PUB-D2F74CC997B7,1,1,train,1101
PUB-B18F405057BD,1,1,train,1101
PUB-7144C0C3740D,1,1,test,1101
PUB-B1D6B7AD04E8,1,1,train,1101
PUB-DF660348FD1F,1,1,train,1101
PUB-E94A6AB9D82C,1,1,test,1101
PUB-965E9C7134EE,1,1,train,1101
PUB-E352BD93648B,1,1,train,1101
PUB-6CFEE7C39CD0,1,1,train,1101
PUB-AFE69B3708B5,1,1,train,1101
PUB-E2ED1A9687A8,1,1,train,1101
PUB-767A0A64721C,1,1,train,1101
PUB-6697CC655EF0,1,1,train,1101
PUB-EC6103CF4E5D,1,1,train,1101
PUB-893C2162AACA,1,1,test,1101
PUB-F96DD130F433,1,1,train,1101
PUB-4E7F00040F89,1,1,test,1101
PUB-937A79E4882C,1,1,train,1101
PUB-7E9B923FA16C,1,1,train,1101
PUB-99F43A2D73B5,1,1,train,1101
PUB-33D059B371DB,1,1,train,1101
PUB-1AC3EE3C2C72,1,1,train,1101
PUB-811ED9A0464C,1,1,train,1101
PUB-17E5F94DFDB9,1,1,train,1101
PUB-346FE6EE1EBC,1,1,test,1101
PUB-B382B5151288,1,1,test,1101
PUB-7EA6455D87DE,1,1,train,1101
PUB-98B05095E26B,1,1,train,1101
PUB-912CB7F93C34,1,1,train,1101
PUB-776D30B081EF,1,1,train,1101
PUB-1A84FCCBB8FB,1,1,test,1101
PUB-C95058D69119,1,1,train,1101
PUB-9A25206456A5,1,1,test,1101
PUB-5B422CA2FD37,1,1,train,1101
PUB-DA64784182B4,1,1,train,1101
PUB-A552D958F16D,1,1,train,1101
PUB-63FEFC0E3530,1,1,train,1101
PUB-5B0FE2EA3077,1,1,train,1101
PUB-F1FE58694BF5,1,1,train,1101
PUB-6D54A9745F3E,1,1,train,1101
PUB-3BF60A19A235,1,1,train,1101
PUB-4748BE7838E8,1,1,train,1101
PUB-6D79E14F3764,1,1,train,1101
PUB-831563B3C3CC,1,1,train,1101
PUB-75C40A1012BC,1,1,train,1101
PUB-5D47C4F160B1,1,1,train,1101
PUB-1CF33341C088,1,1,train,1101
PUB-D9BABA1AC30F,1,1,train,1101
PUB-4E8DCEF517B4,1,1,train,1101
PUB-E785FC50FDE7,1,1,test,1101
PUB-1AFFD512AE16,1,1,train,1101
PUB-596681F0B1F2,1,1,train,1101
PUB-393DA233E0D2,1,1,train,1101
PUB-20F6B79262CC,1,1,test,1101
PUB-50F821FCE7C2,1,1,test,1101
PUB-97E07F682412,1,1,train,1101
PUB-EEE28E719BBF,1,1,train,1101
PUB-3BFA42775143,1,1,train,1101
PUB-A2424855687F,1,1,train,1101
PUB-2ACD8AA4A9C8,1,1,train,1101
PUB-2F8D763ACBF1,1,1,train,1101
PUB-E6CAF5E5CD8C,1,1,train,1101
PUB-3FA7C0635785,1,1,train,1101
PUB-81AB798DF75D,1,1,train,1101
PUB-4FBA4D640EC3,1,1,train,1101
PUB-F26DAC3C1827,1,1,train,1101
PUB-AAFC34D90F6C,1,1,test,1101
PUB-755F533A975E,1,1,test,1101
PUB-5C0136FCC9A1,1,1,test,1101
PUB-853038140981,1,1,train,1101
PUB-71ABEED26D3F,1,1,test,1101
PUB-77D25E27A837,1,1,train,1101
PUB-4D228DE3A499,1,1,test,1101
PUB-5BE09ABCB8BC,1,1,train,1101
PUB-0C65B45112F0,1,1,train,1101
PUB-CA44D543370D,1,1,test,1101
PUB-E01304846BF7,1,1,train,1101
PUB-A7891FBD6E1B,1,1,train,1101
PUB-03B12BDC39CB,1,1,train,1101
PUB-BA46FAB87D8A,1,1,train,1101
PUB-05C51C5C81E5,1,1,train,1101
PUB-D0A8260C5203,1,1,train,1101
PUB-B317299B9ECA,1,1,train,1101
PUB-59991067C242,1,1,train,1101
PUB-F26B84CA189D,1,1,test,1101
PUB-0ABA99468648,1,1,train,1101
PUB-86F81110CB3B,1,1,train,1101
PUB-E77C4842E908,1,1,train,1101
PUB-994848976B5C,1,1,test,1101
PUB-E9C619FC9244,1,1,train,1101
PUB-7AC74F0AD869,1,1,train,1101
PUB-A71992EBBCDA,1,1,train,1101
PUB-F579C00DFA5B,1,1,train,1101
PUB-F4D39C9D924B,1,1,train,1101
PUB-2EB4E6762CAC,1,1,train,1101
PUB-2AC5EF3E51D8,1,1,train,1101
PUB-061451970F7B,1,1,train,1101
PUB-CBB1CA195546,1,2,train,1101
PUB-67C126EADCD7,1,2,train,1101
PUB-AB76135DF9CA,1,2,train,1101
PUB-D2F74CC997B7,1,2,train,1101
PUB-B18F405057BD,1,2,train,1101
PUB-7144C0C3740D,1,2,train,1101
PUB-B1D6B7AD04E8,1,2,train,1101
PUB-DF660348FD1F,1,2,train,1101
PUB-E94A6AB9D82C,1,2,train,1101
PUB-965E9C7134EE,1,2,train,1101
PUB-E352BD93648B,1,2,test,1101
PUB-6CFEE7C39CD0,1,2,test,1101
PUB-AFE69B3708B5,1,2,train,1101
PUB-E2ED1A9687A8,1,2,train,1101
PUB-767A0A64721C,1,2,test,1101
PUB-6697CC655EF0,1,2,train,1101
PUB-EC6103CF4E5D,1,2,train,1101
PUB-893C2162AACA,1,2,train,1101
PUB-F96DD130F433,1,2,train,1101
PUB-4E7F00040F89,1,2,train,1101
PUB-937A79E4882C,1,2,train,1101
PUB-7E9B923FA16C,1,2,train,1101
PUB-99F43A2D73B5,1,2,test,1101
PUB-33D059B371DB,1,2,train,1101
PUB-1AC3EE3C2C72,1,2,train,1101
PUB-811ED9A0464C,1,2,train,1101
PUB-17E5F94DFDB9,1,2,train,1101
PUB-346FE6EE1EBC,1,2,train,1101
PUB-B382B5151288,1,2,train,1101
PUB-7EA6455D87DE,1,2,train,1101
PUB-98B05095E26B,1,2,train,1101
PUB-912CB7F93C34,1,2,train,1101
PUB-776D30B081EF,1,2,train,1101
PUB-1A84FCCBB8FB,1,2,train,1101
PUB-C95058D69119,1,2,train,1101
PUB-9A25206456A5,1,2,train,1101
PUB-5B422CA2FD37,1,2,train,1101
PUB-DA64784182B4,1,2,train,1101
PUB-A552D958F16D,1,2,train,1101
PUB-63FEFC0E3530,1,2,train,1101
PUB-5B0FE2EA3077,1,2,train,1101
PUB-F1FE58694BF5,1,2,test,1101
PUB-6D54A9745F3E,1,2,train,1101
PUB-3BF60A19A235,1,2,train,1101
PUB-4748BE7838E8,1,2,train,1101
PUB-6D79E14F3764,1,2,test,1101
PUB-831563B3C3CC,1,2,train,1101
PUB-75C40A1012BC,1,2,test,1101
PUB-5D47C4F160B1,1,2,test,1101
PUB-1CF33341C088,1,2,test,1101
PUB-D9BABA1AC30F,1,2,test,1101
PUB-4E8DCEF517B4,1,2,test,1101
PUB-E785FC50FDE7,1,2,train,1101
PUB-1AFFD512AE16,1,2,test,1101
PUB-596681F0B1F2,1,2,train,1101
PUB-393DA233E0D2,1,2,train,1101
PUB-20F6B79262CC,1,2,train,1101
PUB-50F821FCE7C2,1,2,train,1101
PUB-97E07F682412,1,2,train,1101
PUB-EEE28E719BBF,1,2,train,1101
PUB-3BFA42775143,1,2,test,1101
PUB-A2424855687F,1,2,test,1101
PUB-2ACD8AA4A9C8,1,2,test,1101
PUB-2F8D763ACBF1,1,2,train,1101
PUB-E6CAF5E5CD8C,1,2,train,1101
PUB-3FA7C0635785,1,2,train,1101
PUB-81AB798DF75D,1,2,test,1101
PUB-4FBA4D640EC3,1,2,train,1101
PUB-F26DAC3C1827,1,2,train,1101
PUB-AAFC34D90F6C,1,2,train,1101
PUB-755F533A975E,1,2,train,1101
PUB-5C0136FCC9A1,1,2,train,1101
PUB-853038140981,1,2,train,1101
PUB-71ABEED26D3F,1,2,train,1101
PUB-77D25E27A837,1,2,train,1101
PUB-4D228DE3A499,1,2,train,1101
PUB-5BE09ABCB8BC,1,2,train,1101
PUB-0C65B45112F0,1,2,train,1101
PUB-CA44D543370D,1,2,train,1101
PUB-E01304846BF7,1,2,train,1101
PUB-A7891FBD6E1B,1,2,train,1101
PUB-03B12BDC39CB,1,2,train,1101
PUB-BA46FAB87D8A,1,2,train,1101
PUB-05C51C5C81E5,1,2,test,1101
PUB-D0A8260C5203,1,2,train,1101
PUB-B317299B9ECA,1,2,test,1101
PUB-59991067C242,1,2,train,1101
PUB-F26B84CA189D,1,2,train,1101
PUB-0ABA99468648,1,2,test,1101
PUB-86F81110CB3B,1,2,train,1101
PUB-E77C4842E908,1,2,train,1101
PUB-994848976B5C,1,2,train,1101
PUB-E9C619FC9244,1,2,train,1101
PUB-7AC74F0AD869,1,2,test,1101
PUB-A71992EBBCDA,1,2,train,1101
PUB-F579C00DFA5B,1,2,train,1101
PUB-F4D39C9D924B,1,2,train,1101
PUB-2EB4E6762CAC,1,2,train,1101
PUB-2AC5EF3E51D8,1,2,train,1101
PUB-061451970F7B,1,2,train,1101
PUB-CBB1CA195546,1,3,test,1101
PUB-67C126EADCD7,1,3,train,1101
PUB-AB76135DF9CA,1,3,train,1101
PUB-D2F74CC997B7,1,3,train,1101
PUB-B18F405057BD,1,3,train,1101
PUB-7144C0C3740D,1,3,train,1101
PUB-B1D6B7AD04E8,1,3,train,1101
PUB-DF660348FD1F,1,3,test,1101
PUB-E94A6AB9D82C,1,3,train,1101
PUB-965E9C7134EE,1,3,train,1101
PUB-E352BD93648B,1,3,train,1101
PUB-6CFEE7C39CD0,1,3,train,1101
PUB-AFE69B3708B5,1,3,test,1101
PUB-E2ED1A9687A8,1,3,test,1101
PUB-767A0A64721C,1,3,train,1101
PUB-6697CC655EF0,1,3,test,1101
PUB-EC6103CF4E5D,1,3,train,1101
PUB-893C2162AACA,1,3,train,1101
PUB-F96DD130F433,1,3,train,1101
PUB-4E7F00040F89,1,3,train,1101
PUB-937A79E4882C,1,3,train,1101
PUB-7E9B923FA16C,1,3,train,1101
PUB-99F43A2D73B5,1,3,train,1101
PUB-33D059B371DB,1,3,train,1101
PUB-1AC3EE3C2C72,1,3,test,1101
PUB-811ED9A0464C,1,3,train,1101
PUB-17E5F94DFDB9,1,3,test,1101
PUB-346FE6EE1EBC,1,3,train,1101
PUB-B382B5151288,1,3,train,1101
PUB-7EA6455D87DE,1,3,train,1101
PUB-98B05095E26B,1,3,test,1101
PUB-912CB7F93C34,1,3,train,1101
PUB-776D30B081EF,1,3,train,1101
PUB-1A84FCCBB8FB,1,3,train,1101
PUB-C95058D69119,1,3,train,1101
PUB-9A25206456A5,1,3,train,1101
PUB-5B422CA2FD37,1,3,test,1101
PUB-DA64784182B4,1,3,train,1101
PUB-A552D958F16D,1,3,test,1101
PUB-63FEFC0E3530,1,3,test,1101
PUB-5B0FE2EA3077,1,3,train,1101
PUB-F1FE58694BF5,1,3,train,1101
PUB-6D54A9745F3E,1,3,train,1101
PUB-3BF60A19A235,1,3,test,1101
PUB-4748BE7838E8,1,3,train,1101
PUB-6D79E14F3764,1,3,train,1101
PUB-831563B3C3CC,1,3,train,1101
PUB-75C40A1012BC,1,3,train,1101
PUB-5D47C4F160B1,1,3,train,1101
PUB-1CF33341C088,1,3,train,1101
PUB-D9BABA1AC30F,1,3,train,1101
PUB-4E8DCEF517B4,1,3,train,1101
PUB-E785FC50FDE7,1,3,train,1101
PUB-1AFFD512AE16,1,3,train,1101
PUB-596681F0B1F2,1,3,train,1101
PUB-393DA233E0D2,1,3,train,1101
PUB-20F6B79262CC,1,3,train,1101
PUB-50F821FCE7C2,1,3,train,1101
PUB-97E07F682412,1,3,test,1101
PUB-EEE28E719BBF,1,3,train,1101
PUB-3BFA42775143,1,3,train,1101
PUB-A2424855687F,1,3,train,1101
PUB-2ACD8AA4A9C8,1,3,train,1101
PUB-2F8D763ACBF1,1,3,train,1101
PUB-E6CAF5E5CD8C,1,3,train,1101
PUB-3FA7C0635785,1,3,test,1101
PUB-81AB798DF75D,1,3,train,1101
PUB-4FBA4D640EC3,1,3,train,1101
PUB-F26DAC3C1827,1,3,train,1101
PUB-AAFC34D90F6C,1,3,train,1101
PUB-755F533A975E,1,3,train,1101
PUB-5C0136FCC9A1,1,3,train,1101
PUB-853038140981,1,3,train,1101
PUB-71ABEED26D3F,1,3,train,1101
PUB-77D25E27A837,1,3,train,1101
PUB-4D228DE3A499,1,3,train,1101
PUB-5BE09ABCB8BC,1,3,train,1101
PUB-0C65B45112F0,1,3,train,1101
PUB-CA44D543370D,1,3,train,1101
PUB-E01304846BF7,1,3,test,1101
PUB-A7891FBD6E1B,1,3,train,1101
PUB-03B12BDC39CB,1,3,test,1101
PUB-BA46FAB87D8A,1,3,train,1101
PUB-05C51C5C81E5,1,3,train,1101
PUB-D0A8260C5203,1,3,test,1101
PUB-B317299B9ECA,1,3,train,1101
PUB-59991067C242,1,3,train,1101
PUB-F26B84CA189D,1,3,train,1101
PUB-0ABA99468648,1,3,train,1101
PUB-86F81110CB3B,1,3,train,1101
PUB-E77C4842E908,1,3,train,1101
PUB-994848976B5C,1,3,train,1101
PUB-E9C619FC9244,1,3,test,1101
PUB-7AC74F0AD869,1,3,train,1101
PUB-A71992EBBCDA,1,3,train,1101
PUB-F579C00DFA5B,1,3,train,1101
PUB-F4D39C9D924B,1,3,train,1101
PUB-2EB4E6762CAC,1,3,test,1101
PUB-2AC5EF3E51D8,1,3,test,1101
PUB-061451970F7B,1,3,train,1101
PUB-CBB1CA195546,1,4,train,1101
PUB-67C126EADCD7,1,4,train,1101
PUB-AB76135DF9CA,1,4,train,1101
PUB-D2F74CC997B7,1,4,test,1101
PUB-B18F405057BD,1,4,train,1101
PUB-7144C0C3740D,1,4,train,1101
PUB-B1D6B7AD04E8,1,4,test,1101
PUB-DF660348FD1F,1,4,train,1101
PUB-E94A6AB9D82C,1,4,train,1101
PUB-965E9C7134EE,1,4,test,1101
PUB-E352BD93648B,1,4,train,1101
PUB-6CFEE7C39CD0,1,4,train,1101
PUB-AFE69B3708B5,1,4,train,1101
PUB-E2ED1A9687A8,1,4,train,1101
PUB-767A0A64721C,1,4,train,1101
PUB-6697CC655EF0,1,4,train,1101
PUB-EC6103CF4E5D,1,4,train,1101
PUB-893C2162AACA,1,4,train,1101
PUB-F96DD130F433,1,4,train,1101
PUB-4E7F00040F89,1,4,train,1101
PUB-937A79E4882C,1,4,test,1101
PUB-7E9B923FA16C,1,4,test,1101
PUB-99F43A2D73B5,1,4,train,1101
PUB-33D059B371DB,1,4,train,1101
PUB-1AC3EE3C2C72,1,4,train,1101
PUB-811ED9A0464C,1,4,test,1101
PUB-17E5F94DFDB9,1,4,train,1101
PUB-346FE6EE1EBC,1,4,train,1101
PUB-B382B5151288,1,4,train,1101
PUB-7EA6455D87DE,1,4,train,1101
PUB-98B05095E26B,1,4,train,1101
PUB-912CB7F93C34,1,4,train,1101
PUB-776D30B081EF,1,4,train,1101
PUB-1A84FCCBB8FB,1,4,train,1101
PUB-C95058D69119,1,4,test,1101
PUB-9A25206456A5,1,4,train,1101
PUB-5B422CA2FD37,1,4,train,1101
PUB-DA64784182B4,1,4,test,1101
PUB-A552D958F16D,1,4,train,1101
PUB-63FEFC0E3530,1,4,train,1101
PUB-5B0FE2EA3077,1,4,test,1101
PUB-F1FE58694BF5,1,4,train,1101
PUB-6D54A9745F3E,1,4,test,1101
PUB-3BF60A19A235,1,4,train,1101
PUB-4748BE7838E8,1,4,train,1101
PUB-6D79E14F3764,1,4,train,1101
PUB-831563B3C3CC,1,4,test,1101
PUB-75C40A1012BC,1,4,train,1101
PUB-5D47C4F160B1,1,4,train,1101
PUB-1CF33341C088,1,4,train,1101
PUB-D9BABA1AC30F,1,4,train,1101
PUB-4E8DCEF517B4,1,4,train,1101
PUB-E785FC50FDE7,1,4,train,1101
PUB-1AFFD512AE16,1,4,train,1101
PUB-596681F0B1F2,1,4,test,1101
PUB-393DA233E0D2,1,4,test,1101
PUB-20F6B79262CC,1,4,train,1101
PUB-50F821FCE7C2,1,4,train,1101
PUB-97E07F682412,1,4,train,1101
PUB-EEE28E719BBF,1,4,test,1101
PUB-3BFA42775143,1,4,train,1101
PUB-A2424855687F,1,4,train,1101
PUB-2ACD8AA4A9C8,1,4,train,1101
PUB-2F8D763ACBF1,1,4,train,1101
PUB-E6CAF5E5CD8C,1,4,train,1101
PUB-3FA7C0635785,1,4,train,1101
PUB-81AB798DF75D,1,4,train,1101
PUB-4FBA4D640EC3,1,4,test,1101
PUB-F26DAC3C1827,1,4,train,1101
PUB-AAFC34D90F6C,1,4,train,1101
PUB-755F533A975E,1,4,train,1101
PUB-5C0136FCC9A1,1,4,train,1101
PUB-853038140981,1,4,test,1101
PUB-71ABEED26D3F,1,4,train,1101
PUB-77D25E27A837,1,4,test,1101
PUB-4D228DE3A499,1,4,train,1101
PUB-5BE09ABCB8BC,1,4,train,1101
PUB-0C65B45112F0,1,4,test,1101
PUB-CA44D543370D,1,4,train,1101
PUB-E01304846BF7,1,4,train,1101
PUB-A7891FBD6E1B,1,4,test,1101
PUB-03B12BDC39CB,1,4,train,1101
PUB-BA46FAB87D8A,1,4,train,1101
PUB-05C51C5C81E5,1,4,train,1101
PUB-D0A8260C5203,1,4,train,1101
PUB-B317299B9ECA,1,4,train,1101
PUB-59991067C242,1,4,train,1101
PUB-F26B84CA189D,1,4,train,1101
PUB-0ABA99468648,1,4,train,1101
PUB-86F81110CB3B,1,4,train,1101
PUB-E77C4842E908,1,4,train,1101
PUB-994848976B5C,1,4,train,1101
PUB-E9C619FC9244,1,4,train,1101
PUB-7AC74F0AD869,1,4,train,1101
PUB-A71992EBBCDA,1,4,train,1101
PUB-F579C00DFA5B,1,4,train,1101
PUB-F4D39C9D924B,1,4,train,1101
PUB-2EB4E6762CAC,1,4,train,1101
PUB-2AC5EF3E51D8,1,4,train,1101
PUB-061451970F7B,1,4,test,1101
PUB-CBB1CA195546,1,5,train,1101
PUB-67C126EADCD7,1,5,train,1101
PUB-AB76135DF9CA,1,5,test,1101
PUB-D2F74CC997B7,1,5,train,1101
PUB-B18F405057BD,1,5,test,1101
PUB-7144C0C3740D,1,5,train,1101
PUB-B1D6B7AD04E8,1,5,train,1101
PUB-DF660348FD1F,1,5,train,1101
PUB-E94A6AB9D82C,1,5,train,1101
PUB-965E9C7134EE,1,5,train,1101
PUB-E352BD93648B,1,5,train,1101
PUB-6CFEE7C39CD0,1,5,train,1101
PUB-AFE69B3708B5,1,5,train,1101
PUB-E2ED1A9687A8,1,5,train,1101
PUB-767A0A64721C,1,5,train,1101
PUB-6697CC655EF0,1,5,train,1101
PUB-EC6103CF4E5D,1,5,test,1101
PUB-893C2162AACA,1,5,train,1101
PUB-F96DD130F433,1,5,test,1101
PUB-4E7F00040F89,1,5,train,1101
PUB-937A79E4882C,1,5,train,1101
PUB-7E9B923FA16C,1,5,train,1101
PUB-99F43A2D73B5,1,5,train,1101
PUB-33D059B371DB,1,5,test,1101
PUB-1AC3EE3C2C72,1,5,train,1101
PUB-811ED9A0464C,1,5,train,1101
PUB-17E5F94DFDB9,1,5,train,1101
PUB-346FE6EE1EBC,1,5,train,1101
PUB-B382B5151288,1,5,train,1101
PUB-7EA6455D87DE,1,5,test,1101
PUB-98B05095E26B,1,5,train,1101
PUB-912CB7F93C34,1,5,test,1101
PUB-776D30B081EF,1,5,test,1101
PUB-1A84FCCBB8FB,1,5,train,1101
PUB-C95058D69119,1,5,train,1101
PUB-9A25206456A5,1,5,train,1101
PUB-5B422CA2FD37,1,5,train,1101
PUB-DA64784182B4,1,5,train,1101
PUB-A552D958F16D,1,5,train,1101
PUB-63FEFC0E3530,1,5,train,1101
PUB-5B0FE2EA3077,1,5,train,1101
PUB-F1FE58694BF5,1,5,train,1101
PUB-6D54A9745F3E,1,5,train,1101
PUB-3BF60A19A235,1,5,train,1101
PUB-4748BE7838E8,1,5,test,1101
PUB-6D79E14F3764,1,5,train,1101
PUB-831563B3C3CC,1,5,train,1101
PUB-75C40A1012BC,1,5,train,1101
PUB-5D47C4F160B1,1,5,train,1101
PUB-1CF33341C088,1,5,train,1101
PUB-D9BABA1AC30F,1,5,train,1101
PUB-4E8DCEF517B4,1,5,train,1101
PUB-E785FC50FDE7,1,5,train,1101
PUB-1AFFD512AE16,1,5,train,1101
PUB-596681F0B1F2,1,5,train,1101
PUB-393DA233E0D2,1,5,train,1101
PUB-20F6B79262CC,1,5,train,1101
PUB-50F821FCE7C2,1,5,train,1101
PUB-97E07F682412,1,5,train,1101
PUB-EEE28E719BBF,1,5,train,1101
PUB-3BFA42775143,1,5,train,1101
PUB-A2424855687F,1,5,train,1101
PUB-2ACD8AA4A9C8,1,5,train,1101
PUB-2F8D763ACBF1,1,5,test,1101
PUB-E6CAF5E5CD8C,1,5,test,1101
PUB-3FA7C0635785,1,5,train,1101
PUB-81AB798DF75D,1,5,train,1101
PUB-4FBA4D640EC3,1,5,train,1101
PUB-F26DAC3C1827,1,5,test,1101
PUB-AAFC34D90F6C,1,5,train,1101
PUB-755F533A975E,1,5,train,1101
PUB-5C0136FCC9A1,1,5,train,1101
PUB-853038140981,1,5,train,1101
PUB-71ABEED26D3F,1,5,train,1101
PUB-77D25E27A837,1,5,train,1101
PUB-4D228DE3A499,1,5,train,1101
PUB-5BE09ABCB8BC,1,5,test,1101
PUB-0C65B45112F0,1,5,train,1101
PUB-CA44D543370D,1,5,train,1101
PUB-E01304846BF7,1,5,train,1101
PUB-A7891FBD6E1B,1,5,train,1101
PUB-03B12BDC39CB,1,5,train,1101
PUB-BA46FAB87D8A,1,5,test,1101
PUB-05C51C5C81E5,1,5,train,1101
PUB-D0A8260C5203,1,5,train,1101
PUB-B317299B9ECA,1,5,train,1101
PUB-59991067C242,1,5,test,1101
PUB-F26B84CA189D,1,5,train,1101
PUB-0ABA99468648,1,5,train,1101
PUB-86F81110CB3B,1,5,test,1101
PUB-E77C4842E908,1,5,test,1101
PUB-994848976B5C,1,5,train,1101
PUB-E9C619FC9244,1,5,train,1101
PUB-7AC74F0AD869,1,5,train,1101
PUB-A71992EBBCDA,1,5,test,1101
PUB-F579C00DFA5B,1,5,test,1101
PUB-F4D39C9D924B,1,5,test,1101
PUB-2EB4E6762CAC,1,5,train,1101
PUB-2AC5EF3E51D8,1,5,train,1101
PUB-061451970F7B,1,5,train,1101
PUB-CBB1CA195546,2,1,test,2202
PUB-67C126EADCD7,2,1,train,2202
PUB-AB76135DF9CA,2,1,train,2202
PUB-D2F74CC997B7,2,1,train,2202
PUB-B18F405057BD,2,1,train,2202
PUB-7144C0C3740D,2,1,train,2202
PUB-B1D6B7AD04E8,2,1,test,2202
PUB-DF660348FD1F,2,1,test,2202
PUB-E94A6AB9D82C,2,1,train,2202
PUB-965E9C7134EE,2,1,train,2202
PUB-E352BD93648B,2,1,train,2202
PUB-6CFEE7C39CD0,2,1,train,2202
PUB-AFE69B3708B5,2,1,train,2202
PUB-E2ED1A9687A8,2,1,test,2202
PUB-767A0A64721C,2,1,train,2202
PUB-6697CC655EF0,2,1,train,2202
PUB-EC6103CF4E5D,2,1,train,2202
PUB-893C2162AACA,2,1,train,2202
PUB-F96DD130F433,2,1,train,2202
PUB-4E7F00040F89,2,1,test,2202
PUB-937A79E4882C,2,1,train,2202
PUB-7E9B923FA16C,2,1,train,2202
PUB-99F43A2D73B5,2,1,train,2202
PUB-33D059B371DB,2,1,train,2202
PUB-1AC3EE3C2C72,2,1,train,2202
PUB-811ED9A0464C,2,1,test,2202
PUB-17E5F94DFDB9,2,1,test,2202
PUB-346FE6EE1EBC,2,1,train,2202
PUB-B382B5151288,2,1,train,2202
PUB-7EA6455D87DE,2,1,test,2202
PUB-98B05095E26B,2,1,train,2202
PUB-912CB7F93C34,2,1,train,2202
PUB-776D30B081EF,2,1,train,2202
PUB-1A84FCCBB8FB,2,1,train,2202
PUB-C95058D69119,2,1,test,2202
PUB-9A25206456A5,2,1,train,2202
PUB-5B422CA2FD37,2,1,test,2202
PUB-DA64784182B4,2,1,train,2202
PUB-A552D958F16D,2,1,train,2202
PUB-63FEFC0E3530,2,1,train,2202
PUB-5B0FE2EA3077,2,1,train,2202
PUB-F1FE58694BF5,2,1,train,2202
PUB-6D54A9745F3E,2,1,train,2202
PUB-3BF60A19A235,2,1,train,2202
PUB-4748BE7838E8,2,1,train,2202
PUB-6D79E14F3764,2,1,train,2202
PUB-831563B3C3CC,2,1,train,2202
PUB-75C40A1012BC,2,1,train,2202
PUB-5D47C4F160B1,2,1,train,2202
PUB-1CF33341C088,2,1,train,2202
PUB-D9BABA1AC30F,2,1,test,2202
PUB-4E8DCEF517B4,2,1,train,2202
PUB-E785FC50FDE7,2,1,train,2202
PUB-1AFFD512AE16,2,1,train,2202
PUB-596681F0B1F2,2,1,train,2202
PUB-393DA233E0D2,2,1,train,2202
PUB-20F6B79262CC,2,1,train,2202
PUB-50F821FCE7C2,2,1,test,2202
PUB-97E07F682412,2,1,train,2202
PUB-EEE28E719BBF,2,1,train,2202
PUB-3BFA42775143,2,1,train,2202
PUB-A2424855687F,2,1,train,2202
PUB-2ACD8AA4A9C8,2,1,train,2202
PUB-2F8D763ACBF1,2,1,test,2202
PUB-E6CAF5E5CD8C,2,1,train,2202
PUB-3FA7C0635785,2,1,train,2202
PUB-81AB798DF75D,2,1,train,2202
PUB-4FBA4D640EC3,2,1,train,2202
PUB-F26DAC3C1827,2,1,test,2202
PUB-AAFC34D90F6C,2,1,train,2202
PUB-755F533A975E,2,1,train,2202
PUB-5C0136FCC9A1,2,1,train,2202
PUB-853038140981,2,1,train,2202
PUB-71ABEED26D3F,2,1,train,2202
PUB-77D25E27A837,2,1,train,2202
PUB-4D228DE3A499,2,1,train,2202
PUB-5BE09ABCB8BC,2,1,train,2202
PUB-0C65B45112F0,2,1,train,2202
PUB-CA44D543370D,2,1,train,2202
PUB-E01304846BF7,2,1,train,2202
PUB-A7891FBD6E1B,2,1,train,2202
PUB-03B12BDC39CB,2,1,train,2202
PUB-BA46FAB87D8A,2,1,train,2202
PUB-05C51C5C81E5,2,1,train,2202
PUB-D0A8260C5203,2,1,train,2202
PUB-B317299B9ECA,2,1,train,2202
PUB-59991067C242,2,1,test,2202
PUB-F26B84CA189D,2,1,train,2202
PUB-0ABA99468648,2,1,test,2202
PUB-86F81110CB3B,2,1,train,2202
PUB-E77C4842E908,2,1,train,2202
PUB-994848976B5C,2,1,train,2202
PUB-E9C619FC9244,2,1,train,2202
PUB-7AC74F0AD869,2,1,test,2202
PUB-A71992EBBCDA,2,1,train,2202
PUB-F579C00DFA5B,2,1,test,2202
PUB-F4D39C9D924B,2,1,train,2202
PUB-2EB4E6762CAC,2,1,train,2202
PUB-2AC5EF3E51D8,2,1,test,2202
PUB-061451970F7B,2,1,test,2202
PUB-CBB1CA195546,2,2,train,2202
PUB-67C126EADCD7,2,2,train,2202
PUB-AB76135DF9CA,2,2,train,2202
PUB-D2F74CC997B7,2,2,train,2202
PUB-B18F405057BD,2,2,test,2202
PUB-7144C0C3740D,2,2,train,2202
PUB-B1D6B7AD04E8,2,2,train,2202
PUB-DF660348FD1F,2,2,train,2202
PUB-E94A6AB9D82C,2,2,test,2202
PUB-965E9C7134EE,2,2,train,2202
PUB-E352BD93648B,2,2,test,2202
PUB-6CFEE7C39CD0,2,2,test,2202
PUB-AFE69B3708B5,2,2,train,2202
PUB-E2ED1A9687A8,2,2,train,2202
PUB-767A0A64721C,2,2,train,2202
PUB-6697CC655EF0,2,2,test,2202
PUB-EC6103CF4E5D,2,2,test,2202
PUB-893C2162AACA,2,2,train,2202
PUB-F96DD130F433,2,2,train,2202
PUB-4E7F00040F89,2,2,train,2202
PUB-937A79E4882C,2,2,train,2202
PUB-7E9B923FA16C,2,2,train,2202
PUB-99F43A2D73B5,2,2,train,2202
PUB-33D059B371DB,2,2,train,2202
PUB-1AC3EE3C2C72,2,2,test,2202
PUB-811ED9A0464C,2,2,train,2202
PUB-17E5F94DFDB9,2,2,train,2202
PUB-346FE6EE1EBC,2,2,train,2202
PUB-B382B5151288,2,2,train,2202
PUB-7EA6455D87DE,2,2,train,2202
PUB-98B05095E26B,2,2,test,2202
PUB-912CB7F93C34,2,2,train,2202
PUB-776D30B081EF,2,2,train,2202
PUB-1A84FCCBB8FB,2,2,train,2202
PUB-C95058D69119,2,2,train,2202
PUB-9A25206456A5,2,2,train,2202
PUB-5B422CA2FD37,2,2,train,2202
PUB-DA64784182B4,2,2,train,2202
PUB-A552D958F16D,2,2,train,2202
PUB-63FEFC0E3530,2,2,train,2202
PUB-5B0FE2EA3077,2,2,train,2202
PUB-F1FE58694BF5,2,2,train,2202
PUB-6D54A9745F3E,2,2,train,2202
PUB-3BF60A19A235,2,2,train,2202
PUB-4748BE7838E8,2,2,train,2202
PUB-6D79E14F3764,2,2,train,2202
PUB-831563B3C3CC,2,2,train,2202
PUB-75C40A1012BC,2,2,train,2202
PUB-5D47C4F160B1,2,2,train,2202
PUB-1CF33341C088,2,2,train,2202
PUB-D9BABA1AC30F,2,2,train,2202
PUB-4E8DCEF517B4,2,2,train,2202
PUB-E785FC50FDE7,2,2,test,2202
PUB-1AFFD512AE16,2,2,test,2202
PUB-596681F0B1F2,2,2,train,2202
PUB-393DA233E0D2,2,2,train,2202
PUB-20F6B79262CC,2,2,train,2202
PUB-50F821FCE7C2,2,2,train,2202
PUB-97E07F682412,2,2,test,2202
PUB-EEE28E719BBF,2,2,train,2202
PUB-3BFA42775143,2,2,train,2202
PUB-A2424855687F,2,2,test,2202
PUB-2ACD8AA4A9C8,2,2,test,2202
PUB-2F8D763ACBF1,2,2,train,2202
PUB-E6CAF5E5CD8C,2,2,train,2202
PUB-3FA7C0635785,2,2,test,2202
PUB-81AB798DF75D,2,2,train,2202
PUB-4FBA4D640EC3,2,2,train,2202
PUB-F26DAC3C1827,2,2,train,2202
PUB-AAFC34D90F6C,2,2,test,2202
PUB-755F533A975E,2,2,train,2202
PUB-5C0136FCC9A1,2,2,train,2202
PUB-853038140981,2,2,train,2202
PUB-71ABEED26D3F,2,2,test,2202
PUB-77D25E27A837,2,2,test,2202
PUB-4D228DE3A499,2,2,train,2202
PUB-5BE09ABCB8BC,2,2,train,2202
PUB-0C65B45112F0,2,2,test,2202
PUB-CA44D543370D,2,2,train,2202
PUB-E01304846BF7,2,2,train,2202
PUB-A7891FBD6E1B,2,2,train,2202
PUB-03B12BDC39CB,2,2,train,2202
PUB-BA46FAB87D8A,2,2,train,2202
PUB-05C51C5C81E5,2,2,train,2202
PUB-D0A8260C5203,2,2,train,2202
PUB-B317299B9ECA,2,2,train,2202
PUB-59991067C242,2,2,train,2202
PUB-F26B84CA189D,2,2,train,2202
PUB-0ABA99468648,2,2,train,2202
PUB-86F81110CB3B,2,2,train,2202
PUB-E77C4842E908,2,2,train,2202
PUB-994848976B5C,2,2,train,2202
PUB-E9C619FC9244,2,2,test,2202
PUB-7AC74F0AD869,2,2,train,2202
PUB-A71992EBBCDA,2,2,test,2202
PUB-F579C00DFA5B,2,2,train,2202
PUB-F4D39C9D924B,2,2,train,2202
PUB-2EB4E6762CAC,2,2,train,2202
PUB-2AC5EF3E51D8,2,2,train,2202
PUB-061451970F7B,2,2,train,2202
PUB-CBB1CA195546,2,3,train,2202
PUB-67C126EADCD7,2,3,train,2202
PUB-AB76135DF9CA,2,3,train,2202
PUB-D2F74CC997B7,2,3,test,2202
PUB-B18F405057BD,2,3,train,2202
PUB-7144C0C3740D,2,3,test,2202
PUB-B1D6B7AD04E8,2,3,train,2202
PUB-DF660348FD1F,2,3,train,2202
PUB-E94A6AB9D82C,2,3,train,2202
PUB-965E9C7134EE,2,3,train,2202
PUB-E352BD93648B,2,3,train,2202
PUB-6CFEE7C39CD0,2,3,train,2202
PUB-AFE69B3708B5,2,3,test,2202
PUB-E2ED1A9687A8,2,3,train,2202
PUB-767A0A64721C,2,3,test,2202
PUB-6697CC655EF0,2,3,train,2202
PUB-EC6103CF4E5D,2,3,train,2202
PUB-893C2162AACA,2,3,train,2202
PUB-F96DD130F433,2,3,train,2202
PUB-4E7F00040F89,2,3,train,2202
PUB-937A79E4882C,2,3,train,2202
PUB-7E9B923FA16C,2,3,test,2202
PUB-99F43A2D73B5,2,3,test,2202
PUB-33D059B371DB,2,3,train,2202
PUB-1AC3EE3C2C72,2,3,train,2202
PUB-811ED9A0464C,2,3,train,2202
PUB-17E5F94DFDB9,2,3,train,2202
PUB-346FE6EE1EBC,2,3,train,2202
PUB-B382B5151288,2,3,train,2202
PUB-7EA6455D87DE,2,3,train,2202
PUB-98B05095E26B,2,3,train,2202
PUB-912CB7F93C34,2,3,train,2202
PUB-776D30B081EF,2,3,train,2202
PUB-1A84FCCBB8FB,2,3,train,2202
PUB-C95058D69119,2,3,train,2202
PUB-9A25206456A5,2,3,test,2202
PUB-5B422CA2FD37,2,3,train,2202
PUB-DA64784182B4,2,3,train,2202
PUB-A552D958F16D,2,3,test,2202
PUB-63FEFC0E3530,2,3,train,2202
PUB-5B0FE2EA3077,2,3,train,2202
PUB-F1FE58694BF5,2,3,train,2202
PUB-6D54A9745F3E,2,3,train,2202
PUB-3BF60A19A235,2,3,train,2202
PUB-4748BE7838E8,2,3,train,2202
PUB-6D79E14F3764,2,3,test,2202
PUB-831563B3C3CC,2,3,test,2202
PUB-75C40A1012BC,2,3,test,2202
PUB-5D47C4F160B1,2,3,train,2202
PUB-1CF33341C088,2,3,test,2202
PUB-D9BABA1AC30F,2,3,train,2202
PUB-4E8DCEF517B4,2,3,train,2202
PUB-E785FC50FDE7,2,3,train,2202
PUB-1AFFD512AE16,2,3,train,2202
PUB-596681F0B1F2,2,3,train,2202
PUB-393DA233E0D2,2,3,train,2202
PUB-20F6B79262CC,2,3,train,2202
PUB-50F821FCE7C2,2,3,train,2202
PUB-97E07F682412,2,3,train,2202
PUB-EEE28E719BBF,2,3,train,2202
PUB-3BFA42775143,2,3,train,2202
PUB-A2424855687F,2,3,train,2202
PUB-2ACD8AA4A9C8,2,3,train,2202
PUB-2F8D763ACBF1,2,3,train,2202
PUB-E6CAF5E5CD8C,2,3,test,2202
PUB-3FA7C0635785,2,3,train,2202
PUB-81AB798DF75D,2,3,train,2202
PUB-4FBA4D640EC3,2,3,train,2202
PUB-F26DAC3C1827,2,3,train,2202
PUB-AAFC34D90F6C,2,3,train,2202
PUB-755F533A975E,2,3,train,2202
PUB-5C0136FCC9A1,2,3,test,2202
PUB-853038140981,2,3,train,2202
PUB-71ABEED26D3F,2,3,train,2202
PUB-77D25E27A837,2,3,train,2202
PUB-4D228DE3A499,2,3,train,2202
PUB-5BE09ABCB8BC,2,3,train,2202
PUB-0C65B45112F0,2,3,train,2202
PUB-CA44D543370D,2,3,train,2202
PUB-E01304846BF7,2,3,test,2202
PUB-A7891FBD6E1B,2,3,train,2202
PUB-03B12BDC39CB,2,3,train,2202
PUB-BA46FAB87D8A,2,3,train,2202
PUB-05C51C5C81E5,2,3,train,2202
PUB-D0A8260C5203,2,3,test,2202
PUB-B317299B9ECA,2,3,test,2202
PUB-59991067C242,2,3,train,2202
PUB-F26B84CA189D,2,3,test,2202
PUB-0ABA99468648,2,3,train,2202
PUB-86F81110CB3B,2,3,train,2202
PUB-E77C4842E908,2,3,train,2202
PUB-994848976B5C,2,3,test,2202
PUB-E9C619FC9244,2,3,train,2202
PUB-7AC74F0AD869,2,3,train,2202
PUB-A71992EBBCDA,2,3,train,2202
PUB-F579C00DFA5B,2,3,train,2202
PUB-F4D39C9D924B,2,3,test,2202
PUB-2EB4E6762CAC,2,3,train,2202
PUB-2AC5EF3E51D8,2,3,train,2202
PUB-061451970F7B,2,3,train,2202
PUB-CBB1CA195546,2,4,train,2202
PUB-67C126EADCD7,2,4,train,2202
PUB-AB76135DF9CA,2,4,train,2202
PUB-D2F74CC997B7,2,4,train,2202
PUB-B18F405057BD,2,4,train,2202
PUB-7144C0C3740D,2,4,train,2202
PUB-B1D6B7AD04E8,2,4,train,2202
PUB-DF660348FD1F,2,4,train,2202
PUB-E94A6AB9D82C,2,4,train,2202
PUB-965E9C7134EE,2,4,test,2202
PUB-E352BD93648B,2,4,train,2202
PUB-6CFEE7C39CD0,2,4,train,2202
PUB-AFE69B3708B5,2,4,train,2202
PUB-E2ED1A9687A8,2,4,train,2202
PUB-767A0A64721C,2,4,train,2202
PUB-6697CC655EF0,2,4,train,2202
PUB-EC6103CF4E5D,2,4,train,2202
PUB-893C2162AACA,2,4,test,2202
PUB-F96DD130F433,2,4,test,2202
PUB-4E7F00040F89,2,4,train,2202
PUB-937A79E4882C,2,4,test,2202
PUB-7E9B923FA16C,2,4,train,2202
PUB-99F43A2D73B5,2,4,train,2202
PUB-33D059B371DB,2,4,train,2202
PUB-1AC3EE3C2C72,2,4,train,2202
PUB-811ED9A0464C,2,4,train,2202
PUB-17E5F94DFDB9,2,4,train,2202
PUB-346FE6EE1EBC,2,4,test,2202
PUB-B382B5151288,2,4,train,2202
PUB-7EA6455D87DE,2,4,train,2202
PUB-98B05095E26B,2,4,train,2202
PUB-912CB7F93C34,2,4,train,2202
PUB-776D30B081EF,2,4,test,2202
PUB-1A84FCCBB8FB,2,4,train,2202
PUB-C95058D69119,2,4,train,2202
PUB-9A25206456A5,2,4,train,2202
PUB-5B422CA2FD37,2,4,train,2202
PUB-DA64784182B4,2,4,train,2202
PUB-A552D958F16D,2,4,train,2202
PUB-63FEFC0E3530,2,4,train,2202
PUB-5B0FE2EA3077,2,4,test,2202
PUB-F1FE58694BF5,2,4,train,2202
PUB-6D54A9745F3E,2,4,test,2202
PUB-3BF60A19A235,2,4,test,2202
PUB-4748BE7838E8,2,4,test,2202
PUB-6D79E14F3764,2,4,train,2202
PUB-831563B3C3CC,2,4,train,2202
PUB-75C40A1012BC,2,4,train,2202
PUB-5D47C4F160B1,2,4,train,2202
PUB-1CF33341C088,2,4,train,2202
PUB-D9BABA1AC30F,2,4,train,2202
PUB-4E8DCEF517B4,2,4,train,2202
PUB-E785FC50FDE7,2,4,train,2202
PUB-1AFFD512AE16,2,4,train,2202
PUB-596681F0B1F2,2,4,test,2202
PUB-393DA233E0D2,2,4,test,2202
PUB-20F6B79262CC,2,4,train,2202
PUB-50F821FCE7C2,2,4,train,2202
PUB-97E07F682412,2,4,train,2202
PUB-EEE28E719BBF,2,4,test,2202
PUB-3BFA42775143,2,4,train,2202
PUB-A2424855687F,2,4,train,2202
PUB-2ACD8AA4A9C8,2,4,train,2202
PUB-2F8D763ACBF1,2,4,train,2202
PUB-E6CAF5E5CD8C,2,4,train,2202
PUB-3FA7C0635785,2,4,train,2202
PUB-81AB798DF75D,2,4,test,2202
PUB-4FBA4D640EC3,2,4,train,2202
PUB-F26DAC3C1827,2,4,train,2202
PUB-AAFC34D90F6C,2,4,train,2202
PUB-755F533A975E,2,4,test,2202
PUB-5C0136FCC9A1,2,4,train,2202
PUB-853038140981,2,4,test,2202
PUB-71ABEED26D3F,2,4,train,2202
PUB-77D25E27A837,2,4,train,2202
PUB-4D228DE3A499,2,4,train,2202
PUB-5BE09ABCB8BC,2,4,train,2202
PUB-0C65B45112F0,2,4,train,2202
PUB-CA44D543370D,2,4,test,2202
PUB-E01304846BF7,2,4,train,2202
PUB-A7891FBD6E1B,2,4,test,2202
PUB-03B12BDC39CB,2,4,train,2202
PUB-BA46FAB87D8A,2,4,train,2202
PUB-05C51C5C81E5,2,4,train,2202
PUB-D0A8260C5203,2,4,train,2202
PUB-B317299B9ECA,2,4,train,2202
PUB-59991067C242,2,4,train,2202
PUB-F26B84CA189D,2,4,train,2202
PUB-0ABA99468648,2,4,train,2202
PUB-86F81110CB3B,2,4,test,2202
PUB-E77C4842E908,2,4,train,2202
PUB-994848976B5C,2,4,train,2202
PUB-E9C619FC9244,2,4,train,2202
PUB-7AC74F0AD869,2,4,train,2202
PUB-A71992EBBCDA,2,4,train,2202
PUB-F579C00DFA5B,2,4,train,2202
PUB-F4D39C9D924B,2,4,train,2202
PUB-2EB4E6762CAC,2,4,test,2202
PUB-2AC5EF3E51D8,2,4,train,2202
PUB-061451970F7B,2,4,train,2202
PUB-CBB1CA195546,2,5,train,2202
PUB-67C126EADCD7,2,5,test,2202
PUB-AB76135DF9CA,2,5,test,2202
PUB-D2F74CC997B7,2,5,train,2202
PUB-B18F405057BD,2,5,train,2202
PUB-7144C0C3740D,2,5,train,2202
PUB-B1D6B7AD04E8,2,5,train,2202
PUB-DF660348FD1F,2,5,train,2202
PUB-E94A6AB9D82C,2,5,train,2202
PUB-965E9C7134EE,2,5,train,2202
PUB-E352BD93648B,2,5,train,2202
PUB-6CFEE7C39CD0,2,5,train,2202
PUB-AFE69B3708B5,2,5,train,2202
PUB-E2ED1A9687A8,2,5,train,2202
PUB-767A0A64721C,2,5,train,2202
PUB-6697CC655EF0,2,5,train,2202
PUB-EC6103CF4E5D,2,5,train,2202
PUB-893C2162AACA,2,5,train,2202
PUB-F96DD130F433,2,5,train,2202
PUB-4E7F00040F89,2,5,train,2202
PUB-937A79E4882C,2,5,train,2202
PUB-7E9B923FA16C,2,5,train,2202
PUB-99F43A2D73B5,2,5,train,2202
PUB-33D059B371DB,2,5,test,2202
PUB-1AC3EE3C2C72,2,5,train,2202
PUB-811ED9A0464C,2,5,train,2202
PUB-17E5F94DFDB9,2,5,train,2202
PUB-346FE6EE1EBC,2,5,train,2202
PUB-B382B5151288,2,5,test,2202
PUB-7EA6455D87DE,2,5,train,2202
PUB-98B05095E26B,2,5,train,2202
PUB-912CB7F93C34,2,5,test,2202
PUB-776D30B081EF,2,5,train,2202
PUB-1A84FCCBB8FB,2,5,test,2202
PUB-C95058D69119,2,5,train,2202
PUB-9A25206456A5,2,5,train,2202
PUB-5B422CA2FD37,2,5,train,2202
PUB-DA64784182B4,2,5,test,2202
PUB-A552D958F16D,2,5,train,2202
PUB-63FEFC0E3530,2,5,test,2202
PUB-5B0FE2EA3077,2,5,train,2202
PUB-F1FE58694BF5,2,5,test,2202
PUB-6D54A9745F3E,2,5,train,2202
PUB-3BF60A19A235,2,5,train,2202
PUB-4748BE7838E8,2,5,train,2202
PUB-6D79E14F3764,2,5,train,2202
PUB-831563B3C3CC,2,5,train,2202
PUB-75C40A1012BC,2,5,train,2202
PUB-5D47C4F160B1,2,5,test,2202
PUB-1CF33341C088,2,5,train,2202
PUB-D9BABA1AC30F,2,5,train,2202
PUB-4E8DCEF517B4,2,5,test,2202
PUB-E785FC50FDE7,2,5,train,2202
PUB-1AFFD512AE16,2,5,train,2202
PUB-596681F0B1F2,2,5,train,2202
PUB-393DA233E0D2,2,5,train,2202
PUB-20F6B79262CC,2,5,test,2202
PUB-50F821FCE7C2,2,5,train,2202
PUB-97E07F682412,2,5,train,2202
PUB-EEE28E719BBF,2,5,train,2202
PUB-3BFA42775143,2,5,test,2202
PUB-A2424855687F,2,5,train,2202
PUB-2ACD8AA4A9C8,2,5,train,2202
PUB-2F8D763ACBF1,2,5,train,2202
PUB-E6CAF5E5CD8C,2,5,train,2202
PUB-3FA7C0635785,2,5,train,2202
PUB-81AB798DF75D,2,5,train,2202
PUB-4FBA4D640EC3,2,5,test,2202
PUB-F26DAC3C1827,2,5,train,2202
PUB-AAFC34D90F6C,2,5,train,2202
PUB-755F533A975E,2,5,train,2202
PUB-5C0136FCC9A1,2,5,train,2202
PUB-853038140981,2,5,train,2202
PUB-71ABEED26D3F,2,5,train,2202
PUB-77D25E27A837,2,5,train,2202
PUB-4D228DE3A499,2,5,test,2202
PUB-5BE09ABCB8BC,2,5,test,2202
PUB-0C65B45112F0,2,5,train,2202
PUB-CA44D543370D,2,5,train,2202
PUB-E01304846BF7,2,5,train,2202
PUB-A7891FBD6E1B,2,5,train,2202
PUB-03B12BDC39CB,2,5,test,2202
PUB-BA46FAB87D8A,2,5,test,2202
PUB-05C51C5C81E5,2,5,test,2202
PUB-D0A8260C5203,2,5,train,2202
PUB-B317299B9ECA,2,5,train,2202
PUB-59991067C242,2,5,train,2202
PUB-F26B84CA189D,2,5,train,2202
PUB-0ABA99468648,2,5,train,2202
PUB-86F81110CB3B,2,5,train,2202
PUB-E77C4842E908,2,5,test,2202
PUB-994848976B5C,2,5,train,2202
PUB-E9C619FC9244,2,5,train,2202
PUB-7AC74F0AD869,2,5,train,2202
PUB-A71992EBBCDA,2,5,train,2202
PUB-F579C00DFA5B,2,5,train,2202
PUB-F4D39C9D924B,2,5,train,2202
PUB-2EB4E6762CAC,2,5,train,2202
PUB-2AC5EF3E51D8,2,5,train,2202
PUB-061451970F7B,2,5,train,2202
PUB-CBB1CA195546,3,1,test,3303
PUB-67C126EADCD7,3,1,train,3303
PUB-AB76135DF9CA,3,1,train,3303
PUB-D2F74CC997B7,3,1,train,3303
PUB-B18F405057BD,3,1,train,3303
PUB-7144C0C3740D,3,1,train,3303
PUB-B1D6B7AD04E8,3,1,train,3303
PUB-DF660348FD1F,3,1,train,3303
PUB-E94A6AB9D82C,3,1,test,3303
PUB-965E9C7134EE,3,1,train,3303
PUB-E352BD93648B,3,1,test,3303
PUB-6CFEE7C39CD0,3,1,train,3303
PUB-AFE69B3708B5,3,1,train,3303
PUB-E2ED1A9687A8,3,1,train,3303
PUB-767A0A64721C,3,1,test,3303
PUB-6697CC655EF0,3,1,train,3303
PUB-EC6103CF4E5D,3,1,train,3303
PUB-893C2162AACA,3,1,test,3303
PUB-F96DD130F433,3,1,train,3303
PUB-4E7F00040F89,3,1,train,3303
PUB-937A79E4882C,3,1,train,3303
PUB-7E9B923FA16C,3,1,train,3303
PUB-99F43A2D73B5,3,1,train,3303
PUB-33D059B371DB,3,1,train,3303
PUB-1AC3EE3C2C72,3,1,train,3303
PUB-811ED9A0464C,3,1,train,3303
PUB-17E5F94DFDB9,3,1,train,3303
PUB-346FE6EE1EBC,3,1,train,3303
PUB-B382B5151288,3,1,train,3303
PUB-7EA6455D87DE,3,1,train,3303
PUB-98B05095E26B,3,1,test,3303
PUB-912CB7F93C34,3,1,test,3303
PUB-776D30B081EF,3,1,train,3303
PUB-1A84FCCBB8FB,3,1,test,3303
PUB-C95058D69119,3,1,train,3303
PUB-9A25206456A5,3,1,train,3303
PUB-5B422CA2FD37,3,1,train,3303
PUB-DA64784182B4,3,1,train,3303
PUB-A552D958F16D,3,1,train,3303
PUB-63FEFC0E3530,3,1,test,3303
PUB-5B0FE2EA3077,3,1,train,3303
PUB-F1FE58694BF5,3,1,train,3303
PUB-6D54A9745F3E,3,1,test,3303
PUB-3BF60A19A235,3,1,train,3303
PUB-4748BE7838E8,3,1,train,3303
PUB-6D79E14F3764,3,1,train,3303
PUB-831563B3C3CC,3,1,train,3303
PUB-75C40A1012BC,3,1,train,3303
PUB-5D47C4F160B1,3,1,test,3303
PUB-1CF33341C088,3,1,train,3303
PUB-D9BABA1AC30F,3,1,train,3303
PUB-4E8DCEF517B4,3,1,train,3303
PUB-E785FC50FDE7,3,1,train,3303
PUB-1AFFD512AE16,3,1,train,3303
PUB-596681F0B1F2,3,1,train,3303
PUB-393DA233E0D2,3,1,train,3303
PUB-20F6B79262CC,3,1,train,3303
PUB-50F821FCE7C2,3,1,train,3303
PUB-97E07F682412,3,1,train,3303
PUB-EEE28E719BBF,3,1,train,3303
PUB-3BFA42775143,3,1,train,3303
PUB-A2424855687F,3,1,train,3303
PUB-2ACD8AA4A9C8,3,1,train,3303
PUB-2F8D763ACBF1,3,1,train,3303
PUB-E6CAF5E5CD8C,3,1,train,3303
PUB-3FA7C0635785,3,1,train,3303
PUB-81AB798DF75D,3,1,test,3303
PUB-4FBA4D640EC3,3,1,train,3303
PUB-F26DAC3C1827,3,1,train,3303
PUB-AAFC34D90F6C,3,1,train,3303
PUB-755F533A975E,3,1,train,3303
PUB-5C0136FCC9A1,3,1,test,3303
PUB-853038140981,3,1,test,3303
PUB-71ABEED26D3F,3,1,train,3303
PUB-77D25E27A837,3,1,train,3303
PUB-4D228DE3A499,3,1,train,3303
PUB-5BE09ABCB8BC,3,1,train,3303
PUB-0C65B45112F0,3,1,train,3303
PUB-CA44D543370D,3,1,train,3303
PUB-E01304846BF7,3,1,train,3303
PUB-A7891FBD6E1B,3,1,train,3303
PUB-03B12BDC39CB,3,1,train,3303
PUB-BA46FAB87D8A,3,1,train,3303
PUB-05C51C5C81E5,3,1,test,3303
PUB-D0A8260C5203,3,1,train,3303
PUB-B317299B9ECA,3,1,train,3303
PUB-59991067C242,3,1,train,3303
PUB-F26B84CA189D,3,1,train,3303
PUB-0ABA99468648,3,1,train,3303
PUB-86F81110CB3B,3,1,train,3303
PUB-E77C4842E908,3,1,train,3303
PUB-994848976B5C,3,1,test,3303
PUB-E9C619FC9244,3,1,train,3303
PUB-7AC74F0AD869,3,1,train,3303
PUB-A71992EBBCDA,3,1,test,3303
PUB-F579C00DFA5B,3,1,train,3303
PUB-F4D39C9D924B,3,1,test,3303
PUB-2EB4E6762CAC,3,1,train,3303
PUB-2AC5EF3E51D8,3,1,test,3303
PUB-061451970F7B,3,1,test,3303
PUB-CBB1CA195546,3,2,train,3303
PUB-67C126EADCD7,3,2,train,3303
PUB-AB76135DF9CA,3,2,test,3303
PUB-D2F74CC997B7,3,2,test,3303
PUB-B18F405057BD,3,2,test,3303
PUB-7144C0C3740D,3,2,train,3303
PUB-B1D6B7AD04E8,3,2,train,3303
PUB-DF660348FD1F,3,2,train,3303
PUB-E94A6AB9D82C,3,2,train,3303
PUB-965E9C7134EE,3,2,test,3303
PUB-E352BD93648B,3,2,train,3303
PUB-6CFEE7C39CD0,3,2,test,3303
PUB-AFE69B3708B5,3,2,test,3303
PUB-E2ED1A9687A8,3,2,train,3303
PUB-767A0A64721C,3,2,train,3303
PUB-6697CC655EF0,3,2,train,3303
PUB-EC6103CF4E5D,3,2,train,3303
PUB-893C2162AACA,3,2,train,3303
PUB-F96DD130F433,3,2,test,3303
PUB-4E7F00040F89,3,2,train,3303
PUB-937A79E4882C,3,2,test,3303
PUB-7E9B923FA16C,3,2,train,3303
PUB-99F43A2D73B5,3,2,test,3303
PUB-33D059B371DB,3,2,test,3303
PUB-1AC3EE3C2C72,3,2,train,3303
PUB-811ED9A0464C,3,2,train,3303
PUB-17E5F94DFDB9,3,2,train,3303
PUB-346FE6EE1EBC,3,2,train,3303
PUB-B382B5151288,3,2,train,3303
PUB-7EA6455D87DE,3,2,train,3303
PUB-98B05095E26B,3,2,train,3303
PUB-912CB7F93C34,3,2,train,3303
PUB-776D30B081EF,3,2,train,3303
PUB-1A84FCCBB8FB,3,2,train,3303
PUB-C95058D69119,3,2,train,3303
PUB-9A25206456A5,3,2,train,3303
PUB-5B422CA2FD37,3,2,train,3303
PUB-DA64784182B4,3,2,train,3303
PUB-A552D958F16D,3,2,train,3303
PUB-63FEFC0E3530,3,2,train,3303
PUB-5B0FE2EA3077,3,2,train,3303
PUB-F1FE58694BF5,3,2,train,3303
PUB-6D54A9745F3E,3,2,train,3303
PUB-3BF60A19A235,3,2,train,3303
PUB-4748BE7838E8,3,2,train,3303
PUB-6D79E14F3764,3,2,train,3303
PUB-831563B3C3CC,3,2,train,3303
PUB-75C40A1012BC,3,2,train,3303
PUB-5D47C4F160B1,3,2,train,3303
PUB-1CF33341C088,3,2,train,3303
PUB-D9BABA1AC30F,3,2,train,3303
PUB-4E8DCEF517B4,3,2,train,3303
PUB-E785FC50FDE7,3,2,test,3303
PUB-1AFFD512AE16,3,2,train,3303
PUB-596681F0B1F2,3,2,test,3303
PUB-393DA233E0D2,3,2,train,3303
PUB-20F6B79262CC,3,2,train,3303
PUB-50F821FCE7C2,3,2,test,3303
PUB-97E07F682412,3,2,train,3303
PUB-EEE28E719BBF,3,2,train,3303
PUB-3BFA42775143,3,2,train,3303
PUB-A2424855687F,3,2,test,3303
PUB-2ACD8AA4A9C8,3,2,test,3303
PUB-2F8D763ACBF1,3,2,test,3303
PUB-E6CAF5E5CD8C,3,2,test,3303
PUB-3FA7C0635785,3,2,train,3303
PUB-81AB798DF75D,3,2,train,3303
PUB-4FBA4D640EC3,3,2,train,3303
PUB-F26DAC3C1827,3,2,train,3303
PUB-AAFC34D90F6C,3,2,train,3303
PUB-755F533A975E,3,2,train,3303
PUB-5C0136FCC9A1,3,2,train,3303
PUB-853038140981,3,2,train,3303
PUB-71ABEED26D3F,3,2,train,3303
PUB-77D25E27A837,3,2,train,3303
PUB-4D228DE3A499,3,2,train,3303
PUB-5BE09ABCB8BC,3,2,train,3303
PUB-0C65B45112F0,3,2,train,3303
PUB-CA44D543370D,3,2,train,3303
PUB-E01304846BF7,3,2,train,3303
PUB-A7891FBD6E1B,3,2,train,3303
PUB-03B12BDC39CB,3,2,train,3303
PUB-BA46FAB87D8A,3,2,train,3303
PUB-05C51C5C81E5,3,2,train,3303
PUB-D0A8260C5203,3,2,test,3303
PUB-B317299B9ECA,3,2,train,3303
PUB-59991067C242,3,2,train,3303
PUB-F26B84CA189D,3,2,train,3303
PUB-0ABA99468648,3,2,train,3303
PUB-86F81110CB3B,3,2,test,3303
PUB-E77C4842E908,3,2,train,3303
PUB-994848976B5C,3,2,train,3303
PUB-E9C619FC9244,3,2,train,3303
PUB-7AC74F0AD869,3,2,train,3303
PUB-A71992EBBCDA,3,2,train,3303
PUB-F579C00DFA5B,3,2,test,3303
PUB-F4D39C9D924B,3,2,train,3303
PUB-2EB4E6762CAC,3,2,train,3303
PUB-2AC5EF3E51D8,3,2,train,3303
PUB-061451970F7B,3,2,train,3303
PUB-CBB1CA195546,3,3,train,3303
PUB-67C126EADCD7,3,3,train,3303
PUB-AB76135DF9CA,3,3,train,3303
PUB-D2F74CC997B7,3,3,train,3303
PUB-B18F405057BD,3,3,train,3303
PUB-7144C0C3740D,3,3,train,3303
PUB-B1D6B7AD04E8,3,3,train,3303
PUB-DF660348FD1F,3,3,train,3303
PUB-E94A6AB9D82C,3,3,train,3303
PUB-965E9C7134EE,3,3,train,3303
PUB-E352BD93648B,3,3,train,3303
PUB-6CFEE7C39CD0,3,3,train,3303
PUB-AFE69B3708B5,3,3,train,3303
PUB-E2ED1A9687A8,3,3,train,3303
PUB-767A0A64721C,3,3,train,3303
PUB-6697CC655EF0,3,3,train,3303
PUB-EC6103CF4E5D,3,3,train,3303
PUB-893C2162AACA,3,3,train,3303
PUB-F96DD130F433,3,3,train,3303
PUB-4E7F00040F89,3,3,test,3303
PUB-937A79E4882C,3,3,train,3303
PUB-7E9B923FA16C,3,3,test,3303
PUB-99F43A2D73B5,3,3,train,3303
PUB-33D059B371DB,3,3,train,3303
PUB-1AC3EE3C2C72,3,3,test,3303
PUB-811ED9A0464C,3,3,train,3303
PUB-17E5F94DFDB9,3,3,train,3303
PUB-346FE6EE1EBC,3,3,train,3303
PUB-B382B5151288,3,3,train,3303
PUB-7EA6455D87DE,3,3,train,3303
PUB-98B05095E26B,3,3,train,3303
PUB-912CB7F93C34,3,3,train,3303
PUB-776D30B081EF,3,3,train,3303
PUB-1A84FCCBB8FB,3,3,train,3303
PUB-C95058D69119,3,3,train,3303
PUB-9A25206456A5,3,3,train,3303
PUB-5B422CA2FD37,3,3,train,3303
PUB-DA64784182B4,3,3,test,3303
PUB-A552D958F16D,3,3,train,3303
PUB-63FEFC0E3530,3,3,train,3303
PUB-5B0FE2EA3077,3,3,train,3303
PUB-F1FE58694BF5,3,3,train,3303
PUB-6D54A9745F3E,3,3,train,3303
PUB-3BF60A19A235,3,3,train,3303
PUB-4748BE7838E8,3,3,test,3303
PUB-6D79E14F3764,3,3,train,3303
PUB-831563B3C3CC,3,3,test,3303
PUB-75C40A1012BC,3,3,train,3303
PUB-5D47C4F160B1,3,3,train,3303
PUB-1CF33341C088,3,3,train,3303
PUB-D9BABA1AC30F,3,3,train,3303
PUB-4E8DCEF517B4,3,3,test,3303
PUB-E785FC50FDE7,3,3,train,3303
PUB-1AFFD512AE16,3,3,test,3303
PUB-596681F0B1F2,3,3,train,3303
PUB-393DA233E0D2,3,3,train,3303
PUB-20F6B79262CC,3,3,train,3303
PUB-50F821FCE7C2,3,3,train,3303
PUB-97E07F682412,3,3,train,3303
PUB-EEE28E719BBF,3,3,train,3303
PUB-3BFA42775143,3,3,test,3303
PUB-A2424855687F,3,3,train,3303
PUB-2ACD8AA4A9C8,3,3,train,3303
PUB-2F8D763ACBF1,3,3,train,3303
PUB-E6CAF5E5CD8C,3,3,train,3303
PUB-3FA7C0635785,3,3,train,3303
PUB-81AB798DF75D,3,3,train,3303
PUB-4FBA4D640EC3,3,3,train,3303
PUB-F26DAC3C1827,3,3,test,3303
PUB-AAFC34D90F6C,3,3,train,3303
PUB-755F533A975E,3,3,train,3303
PUB-5C0136FCC9A1,3,3,train,3303
PUB-853038140981,3,3,train,3303
PUB-71ABEED26D3F,3,3,train,3303
PUB-77D25E27A837,3,3,test,3303
PUB-4D228DE3A499,3,3,test,3303
PUB-5BE09ABCB8BC,3,3,train,3303
PUB-0C65B45112F0,3,3,test,3303
PUB-CA44D543370D,3,3,train,3303
PUB-E01304846BF7,3,3,test,3303
PUB-A7891FBD6E1B,3,3,test,3303
PUB-03B12BDC39CB,3,3,test,3303
PUB-BA46FAB87D8A,3,3,train,3303
PUB-05C51C5C81E5,3,3,train,3303
PUB-D0A8260C5203,3,3,train,3303
PUB-B317299B9ECA,3,3,test,3303
PUB-59991067C242,3,3,test,3303
PUB-F26B84CA189D,3,3,test,3303
PUB-0ABA99468648,3,3,train,3303
PUB-86F81110CB3B,3,3,train,3303
PUB-E77C4842E908,3,3,test,3303
PUB-994848976B5C,3,3,train,3303
PUB-E9C619FC9244,3,3,train,3303
PUB-7AC74F0AD869,3,3,train,3303
PUB-A71992EBBCDA,3,3,train,3303
PUB-F579C00DFA5B,3,3,train,3303
PUB-F4D39C9D924B,3,3,train,3303
PUB-2EB4E6762CAC,3,3,train,3303
PUB-2AC5EF3E51D8,3,3,train,3303
PUB-061451970F7B,3,3,train,3303
PUB-CBB1CA195546,3,4,train,3303
PUB-67C126EADCD7,3,4,test,3303
PUB-AB76135DF9CA,3,4,train,3303
PUB-D2F74CC997B7,3,4,train,3303
PUB-B18F405057BD,3,4,train,3303
PUB-7144C0C3740D,3,4,test,3303
PUB-B1D6B7AD04E8,3,4,test,3303
PUB-DF660348FD1F,3,4,test,3303
PUB-E94A6AB9D82C,3,4,train,3303
PUB-965E9C7134EE,3,4,train,3303
PUB-E352BD93648B,3,4,train,3303
PUB-6CFEE7C39CD0,3,4,train,3303
PUB-AFE69B3708B5,3,4,train,3303
PUB-E2ED1A9687A8,3,4,train,3303
PUB-767A0A64721C,3,4,train,3303
PUB-6697CC655EF0,3,4,train,3303
PUB-EC6103CF4E5D,3,4,train,3303
PUB-893C2162AACA,3,4,train,3303
PUB-F96DD130F433,3,4,train,3303
PUB-4E7F00040F89,3,4,train,3303
PUB-937A79E4882C,3,4,train,3303
PUB-7E9B923FA16C,3,4,train,3303
PUB-99F43A2D73B5,3,4,train,3303
PUB-33D059B371DB,3,4,train,3303
PUB-1AC3EE3C2C72,3,4,train,3303
PUB-811ED9A0464C,3,4,train,3303
PUB-17E5F94DFDB9,3,4,test,3303
PUB-346FE6EE1EBC,3,4,test,3303
PUB-B382B5151288,3,4,test,3303
PUB-7EA6455D87DE,3,4,test,3303
PUB-98B05095E26B,3,4,train,3303
PUB-912CB7F93C34,3,4,train,3303
PUB-776D30B081EF,3,4,test,3303
PUB-1A84FCCBB8FB,3,4,train,3303
PUB-C95058D69119,3,4,test,3303
PUB-9A25206456A5,3,4,train,3303
PUB-5B422CA2FD37,3,4,test,3303
PUB-DA64784182B4,3,4,train,3303
PUB-A552D958F16D,3,4,train,3303
PUB-63FEFC0E3530,3,4,train,3303
PUB-5B0FE2EA3077,3,4,train,3303
PUB-F1FE58694BF5,3,4,test,3303
PUB-6D54A9745F3E,3,4,train,3303
PUB-3BF60A19A235,3,4,test,3303
PUB-4748BE7838E8,3,4,train,3303
PUB-6D79E14F3764,3,4,train,3303
PUB-831563B3C3CC,3,4,train,3303
PUB-75C40A1012BC,3,4,train,3303
PUB-5D47C4F160B1,3,4,train,3303
PUB-1CF33341C088,3,4,train,3303
PUB-D9BABA1AC30F,3,4,test,3303
PUB-4E8DCEF517B4,3,4,train,3303
PUB-E785FC50FDE7,3,4,train,3303
PUB-1AFFD512AE16,3,4,train,3303
PUB-596681F0B1F2,3,4,train,3303
PUB-393DA233E0D2,3,4,train,3303
PUB-20F6B79262CC,3,4,test,3303
PUB-50F821FCE7C2,3,4,train,3303
PUB-97E07F682412,3,4,train,3303
PUB-EEE28E719BBF,3,4,test,3303
PUB-3BFA42775143,3,4,train,3303
PUB-A2424855687F,3,4,train,3303
PUB-2ACD8AA4A9C8,3,4,train,3303
PUB-2F8D763ACBF1,3,4,train,3303
PUB-E6CAF5E5CD8C,3,4,train,3303
PUB-3FA7C0635785,3,4,train,3303
PUB-81AB798DF75D,3,4,train,3303
PUB-4FBA4D640EC3,3,4,train,3303
PUB-F26DAC3C1827,3,4,train,3303
PUB-AAFC34D90F6C,3,4,train,3303
PUB-755F533A975E,3,4,test,3303
PUB-5C0136FCC9A1,3,4,train,3303
PUB-853038140981,3,4,train,3303
PUB-71ABEED26D3F,3,4,test,3303
PUB-77D25E27A837,3,4,train,3303
PUB-4D228DE3A499,3,4,train,3303
PUB-5BE09ABCB8BC,3,4,train,3303
PUB-0C65B45112F0,3,4,train,3303
PUB-CA44D543370D,3,4,train,3303
PUB-E01304846BF7,3,4,train,3303
PUB-A7891FBD6E1B,3,4,train,3303
PUB-03B12BDC39CB,3,4,train,3303
PUB-BA46FAB87D8A,3,4,train,3303
PUB-05C51C5C81E5,3,4,train,3303
PUB-D0A8260C5203,3,4,train,3303
PUB-B317299B9ECA,3,4,train,3303
PUB-59991067C242,3,4,train,3303
PUB-F26B84CA189D,3,4,train,3303
PUB-0ABA99468648,3,4,train,3303
PUB-86F81110CB3B,3,4,train,3303
PUB-E77C4842E908,3,4,train,3303
PUB-994848976B5C,3,4,train,3303
PUB-E9C619FC9244,3,4,test,3303
PUB-7AC74F0AD869,3,4,train,3303
PUB-A71992EBBCDA,3,4,train,3303
PUB-F579C00DFA5B,3,4,train,3303
PUB-F4D39C9D924B,3,4,train,3303
PUB-2EB4E6762CAC,3,4,test,3303
PUB-2AC5EF3E51D8,3,4,train,3303
PUB-061451970F7B,3,4,train,3303
PUB-CBB1CA195546,3,5,train,3303
PUB-67C126EADCD7,3,5,train,3303
PUB-AB76135DF9CA,3,5,train,3303
PUB-D2F74CC997B7,3,5,train,3303
PUB-B18F405057BD,3,5,train,3303
PUB-7144C0C3740D,3,5,train,3303
PUB-B1D6B7AD04E8,3,5,train,3303
PUB-DF660348FD1F,3,5,train,3303
PUB-E94A6AB9D82C,3,5,train,3303
PUB-965E9C7134EE,3,5,train,3303
PUB-E352BD93648B,3,5,train,3303
PUB-6CFEE7C39CD0,3,5,train,3303
PUB-AFE69B3708B5,3,5,train,3303
PUB-E2ED1A9687A8,3,5,test,3303
PUB-767A0A64721C,3,5,train,3303
PUB-6697CC655EF0,3,5,test,3303
PUB-EC6103CF4E5D,3,5,test,3303
PUB-893C2162AACA,3,5,train,3303
PUB-F96DD130F433,3,5,train,3303
PUB-4E7F00040F89,3,5,train,3303
PUB-937A79E4882C,3,5,train,3303
PUB-7E9B923FA16C,3,5,train,3303
PUB-99F43A2D73B5,3,5,train,3303
PUB-33D059B371DB,3,5,train,3303
PUB-1AC3EE3C2C72,3,5,train,3303
PUB-811ED9A0464C,3,5,test,3303
PUB-17E5F94DFDB9,3,5,train,3303
PUB-346FE6EE1EBC,3,5,train,3303
PUB-B382B5151288,3,5,train,3303
PUB-7EA6455D87DE,3,5,train,3303
PUB-98B05095E26B,3,5,train,3303
PUB-912CB7F93C34,3,5,train,3303
PUB-776D30B081EF,3,5,train,3303
PUB-1A84FCCBB8FB,3,5,train,3303
PUB-C95058D69119,3,5,train,3303
PUB-9A25206456A5,3,5,test,3303
PUB-5B422CA2FD37,3,5,train,3303
PUB-DA64784182B4,3,5,train,3303
PUB-A552D958F16D,3,5,test,3303
PUB-63FEFC0E3530,3,5,train,3303
PUB-5B0FE2EA3077,3,5,test,3303
PUB-F1FE58694BF5,3,5,train,3303
PUB-6D54A9745F3E,3,5,train,3303
PUB-3BF60A19A235,3,5,train,3303
PUB-4748BE7838E8,3,5,train,3303
PUB-6D79E14F3764,3,5,test,3303
PUB-831563B3C3CC,3,5,train,3303
PUB-75C40A1012BC,3,5,test,3303
PUB-5D47C4F160B1,3,5,train,3303
PUB-1CF33341C088,3,5,test,3303
PUB-D9BABA1AC30F,3,5,train,3303
PUB-4E8DCEF517B4,3,5,train,3303
PUB-E785FC50FDE7,3,5,train,3303
PUB-1AFFD512AE16,3,5,train,3303
PUB-596681F0B1F2,3,5,train,3303
PUB-393DA233E0D2,3,5,test,3303
PUB-20F6B79262CC,3,5,train,3303
PUB-50F821FCE7C2,3,5,train,3303
PUB-97E07F682412,3,5,test,3303
PUB-EEE28E719BBF,3,5,train,3303
PUB-3BFA42775143,3,5,train,3303
PUB-A2424855687F,3,5,train,3303
PUB-2ACD8AA4A9C8,3,5,train,3303
PUB-2F8D763ACBF1,3,5,train,3303
PUB-E6CAF5E5CD8C,3,5,train,3303
PUB-3FA7C0635785,3,5,test,3303
PUB-81AB798DF75D,3,5,train,3303
PUB-4FBA4D640EC3,3,5,test,3303
PUB-F26DAC3C1827,3,5,train,3303
PUB-AAFC34D90F6C,3,5,test,3303
PUB-755F533A975E,3,5,train,3303
PUB-5C0136FCC9A1,3,5,train,3303
PUB-853038140981,3,5,train,3303
PUB-71ABEED26D3F,3,5,train,3303
PUB-77D25E27A837,3,5,train,3303
PUB-4D228DE3A499,3,5,train,3303
PUB-5BE09ABCB8BC,3,5,test,3303
PUB-0C65B45112F0,3,5,train,3303
PUB-CA44D543370D,3,5,test,3303
PUB-E01304846BF7,3,5,train,3303
PUB-A7891FBD6E1B,3,5,train,3303
PUB-03B12BDC39CB,3,5,train,3303
PUB-BA46FAB87D8A,3,5,test,3303
PUB-05C51C5C81E5,3,5,train,3303
PUB-D0A8260C5203,3,5,train,3303
PUB-B317299B9ECA,3,5,train,3303
PUB-59991067C242,3,5,train,3303
PUB-F26B84CA189D,3,5,train,3303
PUB-0ABA99468648,3,5,test,3303
PUB-86F81110CB3B,3,5,train,3303
PUB-E77C4842E908,3,5,train,3303
PUB-994848976B5C,3,5,train,3303
PUB-E9C619FC9244,3,5,train,3303
PUB-7AC74F0AD869,3,5,test,3303
PUB-A71992EBBCDA,3,5,train,3303
PUB-F579C00DFA5B,3,5,train,3303
PUB-F4D39C9D924B,3,5,train,3303
PUB-2EB4E6762CAC,3,5,train,3303
PUB-2AC5EF3E51D8,3,5,train,3303
PUB-061451970F7B,3,5,train,3303
PUB-CBB1CA195546,4,1,train,4404
PUB-67C126EADCD7,4,1,train,4404
PUB-AB76135DF9CA,4,1,train,4404
PUB-D2F74CC997B7,4,1,train,4404
PUB-B18F405057BD,4,1,test,4404
PUB-7144C0C3740D,4,1,train,4404
PUB-B1D6B7AD04E8,4,1,train,4404
PUB-DF660348FD1F,4,1,train,4404
PUB-E94A6AB9D82C,4,1,train,4404
PUB-965E9C7134EE,4,1,test,4404
PUB-E352BD93648B,4,1,train,4404
PUB-6CFEE7C39CD0,4,1,train,4404
PUB-AFE69B3708B5,4,1,train,4404
PUB-E2ED1A9687A8,4,1,train,4404
PUB-767A0A64721C,4,1,train,4404
PUB-6697CC655EF0,4,1,train,4404
PUB-EC6103CF4E5D,4,1,train,4404
PUB-893C2162AACA,4,1,train,4404
PUB-F96DD130F433,4,1,train,4404
PUB-4E7F00040F89,4,1,train,4404
PUB-937A79E4882C,4,1,test,4404
PUB-7E9B923FA16C,4,1,train,4404
PUB-99F43A2D73B5,4,1,train,4404
PUB-33D059B371DB,4,1,test,4404
PUB-1AC3EE3C2C72,4,1,train,4404
PUB-811ED9A0464C,4,1,train,4404
PUB-17E5F94DFDB9,4,1,train,4404
PUB-346FE6EE1EBC,4,1,test,4404
PUB-B382B5151288,4,1,train,4404
PUB-7EA6455D87DE,4,1,train,4404
PUB-98B05095E26B,4,1,train,4404
PUB-912CB7F93C34,4,1,train,4404
PUB-776D30B081EF,4,1,test,4404
PUB-1A84FCCBB8FB,4,1,test,4404
PUB-C95058D69119,4,1,train,4404
PUB-9A25206456A5,4,1,train,4404
PUB-5B422CA2FD37,4,1,train,4404
PUB-DA64784182B4,4,1,train,4404
PUB-A552D958F16D,4,1,train,4404
PUB-63FEFC0E3530,4,1,train,4404
PUB-5B0FE2EA3077,4,1,train,4404
PUB-F1FE58694BF5,4,1,test,4404
PUB-6D54A9745F3E,4,1,train,4404
PUB-3BF60A19A235,4,1,test,4404
PUB-4748BE7838E8,4,1,train,4404
PUB-6D79E14F3764,4,1,train,4404
PUB-831563B3C3CC,4,1,train,4404
PUB-75C40A1012BC,4,1,train,4404
PUB-5D47C4F160B1,4,1,test,4404
PUB-1CF33341C088,4,1,train,4404
PUB-D9BABA1AC30F,4,1,test,4404
PUB-4E8DCEF517B4,4,1,test,4404
PUB-E785FC50FDE7,4,1,train,4404
PUB-1AFFD512AE16,4,1,train,4404
PUB-596681F0B1F2,4,1,train,4404
PUB-393DA233E0D2,4,1,test,4404
PUB-20F6B79262CC,4,1,test,4404
PUB-50F821FCE7C2,4,1,train,4404
PUB-97E07F682412,4,1,train,4404
PUB-EEE28E719BBF,4,1,train,4404
PUB-3BFA42775143,4,1,train,4404
PUB-A2424855687F,4,1,train,4404
PUB-2ACD8AA4A9C8,4,1,train,4404
PUB-2F8D763ACBF1,4,1,train,4404
PUB-E6CAF5E5CD8C,4,1,train,4404
PUB-3FA7C0635785,4,1,test,4404
PUB-81AB798DF75D,4,1,train,4404
PUB-4FBA4D640EC3,4,1,train,4404
PUB-F26DAC3C1827,4,1,train,4404
PUB-AAFC34D90F6C,4,1,test,4404
PUB-755F533A975E,4,1,test,4404
PUB-5C0136FCC9A1,4,1,train,4404
PUB-853038140981,4,1,train,4404
PUB-71ABEED26D3F,4,1,test,4404
PUB-77D25E27A837,4,1,train,4404
PUB-4D228DE3A499,4,1,train,4404
PUB-5BE09ABCB8BC,4,1,train,4404
PUB-0C65B45112F0,4,1,test,4404
PUB-CA44D543370D,4,1,train,4404
PUB-E01304846BF7,4,1,train,4404
PUB-A7891FBD6E1B,4,1,train,4404
PUB-03B12BDC39CB,4,1,train,4404
PUB-BA46FAB87D8A,4,1,train,4404
PUB-05C51C5C81E5,4,1,train,4404
PUB-D0A8260C5203,4,1,train,4404
PUB-B317299B9ECA,4,1,train,4404
PUB-59991067C242,4,1,train,4404
PUB-F26B84CA189D,4,1,train,4404
PUB-0ABA99468648,4,1,train,4404
PUB-86F81110CB3B,4,1,train,4404
PUB-E77C4842E908,4,1,train,4404
PUB-994848976B5C,4,1,train,4404
PUB-E9C619FC9244,4,1,train,4404
PUB-7AC74F0AD869,4,1,train,4404
PUB-A71992EBBCDA,4,1,train,4404
PUB-F579C00DFA5B,4,1,test,4404
PUB-F4D39C9D924B,4,1,train,4404
PUB-2EB4E6762CAC,4,1,train,4404
PUB-2AC5EF3E51D8,4,1,train,4404
PUB-061451970F7B,4,1,train,4404
PUB-CBB1CA195546,4,2,train,4404
PUB-67C126EADCD7,4,2,test,4404
PUB-AB76135DF9CA,4,2,train,4404
PUB-D2F74CC997B7,4,2,train,4404
PUB-B18F405057BD,4,2,train,4404
PUB-7144C0C3740D,4,2,test,4404
PUB-B1D6B7AD04E8,4,2,train,4404
PUB-DF660348FD1F,4,2,train,4404
PUB-E94A6AB9D82C,4,2,train,4404
PUB-965E9C7134EE,4,2,train,4404
PUB-E352BD93648B,4,2,test,4404
PUB-6CFEE7C39CD0,4,2,test,4404
PUB-AFE69B3708B5,4,2,train,4404
PUB-E2ED1A9687A8,4,2,train,4404
PUB-767A0A64721C,4,2,train,4404
PUB-6697CC655EF0,4,2,test,4404
PUB-EC6103CF4E5D,4,2,train,4404
PUB-893C2162AACA,4,2,train,4404
PUB-F96DD130F433,4,2,train,4404
PUB-4E7F00040F89,4,2,test,4404
PUB-937A79E4882C,4,2,train,4404
PUB-7E9B923FA16C,4,2,test,4404
PUB-99F43A2D73B5,4,2,train,4404
PUB-33D059B371DB,4,2,train,4404
PUB-1AC3EE3C2C72,4,2,train,4404
PUB-811ED9A0464C,4,2,test,4404
PUB-17E5F94DFDB9,4,2,test,4404
PUB-346FE6EE1EBC,4,2,train,4404
PUB-B382B5151288,4,2,train,4404
PUB-7EA6455D87DE,4,2,train,4404
PUB-98B05095E26B,4,2,test,4404
PUB-912CB7F93C34,4,2,train,4404
PUB-776D30B081EF,4,2,train,4404
PUB-1A84FCCBB8FB,4,2,train,4404
PUB-C95058D69119,4,2,train,4404
PUB-9A25206456A5,4,2,train,4404
PUB-5B422CA2FD37,4,2,train,4404
PUB-DA64784182B4,4,2,train,4404
PUB-A552D958F16D,4,2,test,4404
PUB-63FEFC0E3530,4,2,train,4404
PUB-5B0FE2EA3077,4,2,train,4404
PUB-F1FE58694BF5,4,2,train,4404
PUB-6D54A9745F3E,4,2,train,4404
PUB-3BF60A19A235,4,2,train,4404
PUB-4748BE7838E8,4,2,test,4404
PUB-6D79E14F3764,4,2,train,4404
PUB-831563B3C3CC,4,2,train,4404
PUB-75C40A1012BC,4,2,train,4404
PUB-5D47C4F160B1,4,2,train,4404
PUB-1CF33341C088,4,2,test,4404
PUB-D9BABA1AC30F,4,2,train,4404
PUB-4E8DCEF517B4,4,2,train,4404
PUB-E785FC50FDE7,4,2,train,4404
PUB-1AFFD512AE16,4,2,test,4404
PUB-596681F0B1F2,4,2,train,4404
PUB-393DA233E0D2,4,2,train,4404
PUB-20F6B79262CC,4,2,train,4404
PUB-50F821FCE7C2,4,2,train,4404
PUB-97E07F682412,4,2,train,4404
PUB-EEE28E719BBF,4,2,train,4404
PUB-3BFA42775143,4,2,train,4404
PUB-A2424855687F,4,2,train,4404
PUB-2ACD8AA4A9C8,4,2,train,4404
PUB-2F8D763ACBF1,4,2,test,4404
PUB-E6CAF5E5CD8C,4,2,train,4404
PUB-3FA7C0635785,4,2,train,4404
PUB-81AB798DF75D,4,2,train,4404
PUB-4FBA4D640EC3,4,2,train,4404
PUB-F26DAC3C1827,4,2,train,4404
PUB-AAFC34D90F6C,4,2,train,4404
PUB-755F533A975E,4,2,train,4404
PUB-5C0136FCC9A1,4,2,train,4404
PUB-853038140981,4,2,train,4404
PUB-71ABEED26D3F,4,2,train,4404
PUB-77D25E27A837,4,2,train,4404
PUB-4D228DE3A499,4,2,train,4404
PUB-5BE09ABCB8BC,4,2,train,4404
PUB-0C65B45112F0,4,2,train,4404
PUB-CA44D543370D,4,2,train,4404
PUB-E01304846BF7,4,2,train,4404
PUB-A7891FBD6E1B,4,2,train,4404
PUB-03B12BDC39CB,4,2,train,4404
PUB-BA46FAB87D8A,4,2,train,4404
PUB-05C51C5C81E5,4,2,train,4404
PUB-D0A8260C5203,4,2,test,4404
PUB-B317299B9ECA,4,2,train,4404
PUB-59991067C242,4,2,test,4404
PUB-F26B84CA189D,4,2,test,4404
PUB-0ABA99468648,4,2,test,4404
PUB-86F81110CB3B,4,2,train,4404
PUB-E77C4842E908,4,2,train,4404
PUB-994848976B5C,4,2,train,4404
PUB-E9C619FC9244,4,2,train,4404
PUB-7AC74F0AD869,4,2,train,4404
PUB-A71992EBBCDA,4,2,train,4404
PUB-F579C00DFA5B,4,2,train,4404
PUB-F4D39C9D924B,4,2,train,4404
PUB-2EB4E6762CAC,4,2,test,4404
PUB-2AC5EF3E51D8,4,2,train,4404
PUB-061451970F7B,4,2,train,4404
PUB-CBB1CA195546,4,3,train,4404
PUB-67C126EADCD7,4,3,train,4404
PUB-AB76135DF9CA,4,3,test,4404
PUB-D2F74CC997B7,4,3,test,4404
PUB-B18F405057BD,4,3,train,4404
PUB-7144C0C3740D,4,3,train,4404
PUB-B1D6B7AD04E8,4,3,train,4404
PUB-DF660348FD1F,4,3,test,4404
PUB-E94A6AB9D82C,4,3,train,4404
PUB-965E9C7134EE,4,3,train,4404
PUB-E352BD93648B,4,3,train,4404
PUB-6CFEE7C39CD0,4,3,train,4404
PUB-AFE69B3708B5,4,3,train,4404
PUB-E2ED1A9687A8,4,3,train,4404
PUB-767A0A64721C,4,3,train,4404
PUB-6697CC655EF0,4,3,train,4404
PUB-EC6103CF4E5D,4,3,train,4404
PUB-893C2162AACA,4,3,train,4404
PUB-F96DD130F433,4,3,train,4404
PUB-4E7F00040F89,4,3,train,4404
PUB-937A79E4882C,4,3,train,4404
PUB-7E9B923FA16C,4,3,train,4404
PUB-99F43A2D73B5,4,3,train,4404
PUB-33D059B371DB,4,3,train,4404
PUB-1AC3EE3C2C72,4,3,test,4404
PUB-811ED9A0464C,4,3,train,4404
PUB-17E5F94DFDB9,4,3,train,4404
PUB-346FE6EE1EBC,4,3,train,4404
PUB-B382B5151288,4,3,train,4404
PUB-7EA6455D87DE,4,3,train,4404
PUB-98B05095E26B,4,3,train,4404
PUB-912CB7F93C34,4,3,train,4404
PUB-776D30B081EF,4,3,train,4404
PUB-1A84FCCBB8FB,4,3,train,4404
PUB-C95058D69119,4,3,train,4404
PUB-9A25206456A5,4,3,train,4404
PUB-5B422CA2FD37,4,3,train,4404
PUB-DA64784182B4,4,3,train,4404
PUB-A552D958F16D,4,3,train,4404
PUB-63FEFC0E3530,4,3,train,4404
PUB-5B0FE2EA3077,4,3,train,4404
PUB-F1FE58694BF5,4,3,train,4404
PUB-6D54A9745F3E,4,3,train,4404
PUB-3BF60A19A235,4,3,train,4404
PUB-4748BE7838E8,4,3,train,4404
PUB-6D79E14F3764,4,3,test,4404
PUB-831563B3C3CC,4,3,test,4404
PUB-75C40A1012BC,4,3,test,4404
PUB-5D47C4F160B1,4,3,train,4404
PUB-1CF33341C088,4,3,train,4404
PUB-D9BABA1AC30F,4,3,train,4404
PUB-4E8DCEF517B4,4,3,train,4404
PUB-E785FC50FDE7,4,3,test,4404
PUB-1AFFD512AE16,4,3,train,4404
PUB-596681F0B1F2,4,3,train,4404
PUB-393DA233E0D2,4,3,train,4404
PUB-20F6B79262CC,4,3,train,4404
PUB-50F821FCE7C2,4,3,test,4404
PUB-97E07F682412,4,3,train,4404
PUB-EEE28E719BBF,4,3,test,4404
PUB-3BFA42775143,4,3,train,4404
PUB-A2424855687F,4,3,train,4404
PUB-2ACD8AA4A9C8,4,3,test,4404
PUB-2F8D763ACBF1,4,3,train,4404
PUB-E6CAF5E5CD8C,4,3,test,4404
PUB-3FA7C0635785,4,3,train,4404
PUB-81AB798DF75D,4,3,train,4404
PUB-4FBA4D640EC3,4,3,test,4404
PUB-F26DAC3C1827,4,3,train,4404
PUB-AAFC34D90F6C,4,3,train,4404
PUB-755F533A975E,4,3,train,4404
PUB-5C0136FCC9A1,4,3,test,4404
PUB-853038140981,4,3,train,4404
PUB-71ABEED26D3F,4,3,train,4404
PUB-77D25E27A837,4,3,train,4404
PUB-4D228DE3A499,4,3,test,4404
PUB-5BE09ABCB8BC,4,3,train,4404
PUB-0C65B45112F0,4,3,train,4404
PUB-CA44D543370D,4,3,train,4404
PUB-E01304846BF7,4,3,test,4404
PUB-A7891FBD6E1B,4,3,test,4404
PUB-03B12BDC39CB,4,3,train,4404
PUB-BA46FAB87D8A,4,3,test,4404
PUB-05C51C5C81E5,4,3,train,4404
PUB-D0A8260C5203,4,3,train,4404
PUB-B317299B9ECA,4,3,train,4404
PUB-59991067C242,4,3,train,4404
PUB-F26B84CA189D,4,3,train,4404
PUB-0ABA99468648,4,3,train,4404
PUB-86F81110CB3B,4,3,test,4404
PUB-E77C4842E908,4,3,train,4404
PUB-994848976B5C,4,3,train,4404
PUB-E9C619FC9244,4,3,test,4404
PUB-7AC74F0AD869,4,3,train,4404
PUB-A71992EBBCDA,4,3,train,4404
PUB-F579C00DFA5B,4,3,train,4404
PUB-F4D39C9D924B,4,3,train,4404
PUB-2EB4E6762CAC,4,3,train,4404
PUB-2AC5EF3E51D8,4,3,train,4404
PUB-061451970F7B,4,3,train,4404
PUB-CBB1CA195546,4,4,test,4404
PUB-67C126EADCD7,4,4,train,4404
PUB-AB76135DF9CA,4,4,train,4404
PUB-D2F74CC997B7,4,4,train,4404
PUB-B18F405057BD,4,4,train,4404
PUB-7144C0C3740D,4,4,train,4404
PUB-B1D6B7AD04E8,4,4,train,4404
PUB-DF660348FD1F,4,4,train,4404
PUB-E94A6AB9D82C,4,4,train,4404
PUB-965E9C7134EE,4,4,train,4404
PUB-E352BD93648B,4,4,train,4404
PUB-6CFEE7C39CD0,4,4,train,4404
PUB-AFE69B3708B5,4,4,train,4404
PUB-E2ED1A9687A8,4,4,train,4404
PUB-767A0A64721C,4,4,test,4404
PUB-6697CC655EF0,4,4,train,4404
PUB-EC6103CF4E5D,4,4,test,4404
PUB-893C2162AACA,4,4,test,4404
PUB-F96DD130F433,4,4,train,4404
PUB-4E7F00040F89,4,4,train,4404
PUB-937A79E4882C,4,4,train,4404
PUB-7E9B923FA16C,4,4,train,4404
PUB-99F43A2D73B5,4,4,test,4404
PUB-33D059B371DB,4,4,train,4404
PUB-1AC3EE3C2C72,4,4,train,4404
PUB-811ED9A0464C,4,4,train,4404
PUB-17E5F94DFDB9,4,4,train,4404
PUB-346FE6EE1EBC,4,4,train,4404
PUB-B382B5151288,4,4,test,4404
PUB-7EA6455D87DE,4,4,test,4404
PUB-98B05095E26B,4,4,train,4404
PUB-912CB7F93C34,4,4,test,4404
PUB-776D30B081EF,4,4,train,4404
PUB-1A84FCCBB8FB,4,4,train,4404
PUB-C95058D69119,4,4,train,4404
PUB-9A25206456A5,4,4,test,4404
PUB-5B422CA2FD37,4,4,test,4404
PUB-DA64784182B4,4,4,train,4404
PUB-A552D958F16D,4,4,train,4404
PUB-63FEFC0E3530,4,4,train,4404
PUB-5B0FE2EA3077,4,4,test,4404
PUB-F1FE58694BF5,4,4,train,4404
PUB-6D54A9745F3E,4,4,test,4404
PUB-3BF60A19A235,4,4,train,4404
PUB-4748BE7838E8,4,4,train,4404
PUB-6D79E14F3764,4,4,train,4404
PUB-831563B3C3CC,4,4,train,4404
PUB-75C40A1012BC,4,4,train,4404
PUB-5D47C4F160B1,4,4,train,4404
PUB-1CF33341C088,4,4,train,4404
PUB-D9BABA1AC30F,4,4,train,4404
PUB-4E8DCEF517B4,4,4,train,4404
PUB-E785FC50FDE7,4,4,train,4404
PUB-1AFFD512AE16,4,4,train,4404
PUB-596681F0B1F2,4,4,test,4404
PUB-393DA233E0D2,4,4,train,4404
PUB-20F6B79262CC,4,4,train,4404
PUB-50F821FCE7C2,4,4,train,4404
PUB-97E07F682412,4,4,train,4404
PUB-EEE28E719BBF,4,4,train,4404
PUB-3BFA42775143,4,4,train,4404
PUB-A2424855687F,4,4,train,4404
PUB-2ACD8AA4A9C8,4,4,train,4404
PUB-2F8D763ACBF1,4,4,train,4404
PUB-E6CAF5E5CD8C,4,4,train,4404
PUB-3FA7C0635785,4,4,train,4404
PUB-81AB798DF75D,4,4,train,4404
PUB-4FBA4D640EC3,4,4,train,4404
PUB-F26DAC3C1827,4,4,test,4404
PUB-AAFC34D90F6C,4,4,train,4404
PUB-755F533A975E,4,4,train,4404
PUB-5C0136FCC9A1,4,4,train,4404
PUB-853038140981,4,4,train,4404
PUB-71ABEED26D3F,4,4,train,4404
PUB-77D25E27A837,4,4,test,4404
PUB-4D228DE3A499,4,4,train,4404
PUB-5BE09ABCB8BC,4,4,train,4404
PUB-0C65B45112F0,4,4,train,4404
PUB-CA44D543370D,4,4,train,4404
PUB-E01304846BF7,4,4,train,4404
PUB-A7891FBD6E1B,4,4,train,4404
PUB-03B12BDC39CB,4,4,train,4404
PUB-BA46FAB87D8A,4,4,train,4404
PUB-05C51C5C81E5,4,4,test,4404
PUB-D0A8260C5203,4,4,train,4404
PUB-B317299B9ECA,4,4,train,4404
PUB-59991067C242,4,4,train,4404
PUB-F26B84CA189D,4,4,train,4404
PUB-0ABA99468648,4,4,train,4404
PUB-86F81110CB3B,4,4,train,4404
PUB-E77C4842E908,4,4,train,4404
PUB-994848976B5C,4,4,test,4404
PUB-E9C619FC9244,4,4,train,4404
PUB-7AC74F0AD869,4,4,test,4404
PUB-A71992EBBCDA,4,4,test,4404
PUB-F579C00DFA5B,4,4,train,4404
PUB-F4D39C9D924B,4,4,test,4404
PUB-2EB4E6762CAC,4,4,train,4404
PUB-2AC5EF3E51D8,4,4,train,4404
PUB-061451970F7B,4,4,train,4404
PUB-CBB1CA195546,4,5,train,4404
PUB-67C126EADCD7,4,5,train,4404
PUB-AB76135DF9CA,4,5,train,4404
PUB-D2F74CC997B7,4,5,train,4404
PUB-B18F405057BD,4,5,train,4404
PUB-7144C0C3740D,4,5,train,4404
PUB-B1D6B7AD04E8,4,5,test,4404
PUB-DF660348FD1F,4,5,train,4404
PUB-E94A6AB9D82C,4,5,test,4404
PUB-965E9C7134EE,4,5,train,4404
PUB-E352BD93648B,4,5,train,4404
PUB-6CFEE7C39CD0,4,5,train,4404
PUB-AFE69B3708B5,4,5,test,4404
PUB-E2ED1A9687A8,4,5,test,4404
PUB-767A0A64721C,4,5,train,4404
PUB-6697CC655EF0,4,5,train,4404
PUB-EC6103CF4E5D,4,5,train,4404
PUB-893C2162AACA,4,5,train,4404
PUB-F96DD130F433,4,5,test,4404
PUB-4E7F00040F89,4,5,train,4404
PUB-937A79E4882C,4,5,train,4404
PUB-7E9B923FA16C,4,5,train,4404
PUB-99F43A2D73B5,4,5,train,4404
PUB-33D059B371DB,4,5,train,4404
PUB-1AC3EE3C2C72,4,5,train,4404
PUB-811ED9A0464C,4,5,train,4404
PUB-17E5F94DFDB9,4,5,train,4404
PUB-346FE6EE1EBC,4,5,train,4404
PUB-B382B5151288,4,5,train,4404
PUB-7EA6455D87DE,4,5,train,4404
PUB-98B05095E26B,4,5,train,4404
PUB-912CB7F93C34,4,5,train,4404
PUB-776D30B081EF,4,5,train,4404
PUB-1A84FCCBB8FB,4,5,train,4404
PUB-C95058D69119,4,5,test,4404
PUB-9A25206456A5,4,5,train,4404
PUB-5B422CA2FD37,4,5,train,4404
PUB-DA64784182B4,4,5,test,4404
PUB-A552D958F16D,4,5,train,4404
PUB-63FEFC0E3530,4,5,test,4404
PUB-5B0FE2EA3077,4,5,train,4404
PUB-F1FE58694BF5,4,5,train,4404
PUB-6D54A9745F3E,4,5,train,4404
PUB-3BF60A19A235,4,5,train,4404
PUB-4748BE7838E8,4,5,train,4404
PUB-6D79E14F3764,4,5,train,4404
PUB-831563B3C3CC,4,5,train,4404
PUB-75C40A1012BC,4,5,train,4404
PUB-5D47C4F160B1,4,5,train,4404
PUB-1CF33341C088,4,5,train,4404
PUB-D9BABA1AC30F,4,5,train,4404
PUB-4E8DCEF517B4,4,5,train,4404
PUB-E785FC50FDE7,4,5,train,4404
PUB-1AFFD512AE16,4,5,train,4404
PUB-596681F0B1F2,4,5,train,4404
PUB-393DA233E0D2,4,5,train,4404
PUB-20F6B79262CC,4,5,train,4404
PUB-50F821FCE7C2,4,5,train,4404
PUB-97E07F682412,4,5,test,4404
PUB-EEE28E719BBF,4,5,train,4404
PUB-3BFA42775143,4,5,test,4404
PUB-A2424855687F,4,5,test,4404
PUB-2ACD8AA4A9C8,4,5,train,4404
PUB-2F8D763ACBF1,4,5,train,4404
PUB-E6CAF5E5CD8C,4,5,train,4404
PUB-3FA7C0635785,4,5,train,4404
PUB-81AB798DF75D,4,5,test,4404
PUB-4FBA4D640EC3,4,5,train,4404
PUB-F26DAC3C1827,4,5,train,4404
PUB-AAFC34D90F6C,4,5,train,4404
PUB-755F533A975E,4,5,train,4404
PUB-5C0136FCC9A1,4,5,train,4404
PUB-853038140981,4,5,test,4404
PUB-71ABEED26D3F,4,5,train,4404
PUB-77D25E27A837,4,5,train,4404
PUB-4D228DE3A499,4,5,train,4404
PUB-5BE09ABCB8BC,4,5,test,4404
PUB-0C65B45112F0,4,5,train,4404
PUB-CA44D543370D,4,5,test,4404
PUB-E01304846BF7,4,5,train,4404
PUB-A7891FBD6E1B,4,5,train,4404
PUB-03B12BDC39CB,4,5,test,4404
PUB-BA46FAB87D8A,4,5,train,4404
PUB-05C51C5C81E5,4,5,train,4404
PUB-D0A8260C5203,4,5,train,4404
PUB-B317299B9ECA,4,5,test,4404
PUB-59991067C242,4,5,train,4404
PUB-F26B84CA189D,4,5,train,4404
PUB-0ABA99468648,4,5,train,4404
PUB-86F81110CB3B,4,5,train,4404
PUB-E77C4842E908,4,5,test,4404
PUB-994848976B5C,4,5,train,4404
PUB-E9C619FC9244,4,5,train,4404
PUB-7AC74F0AD869,4,5,train,4404
PUB-A71992EBBCDA,4,5,train,4404
PUB-F579C00DFA5B,4,5,train,4404
PUB-F4D39C9D924B,4,5,train,4404
PUB-2EB4E6762CAC,4,5,train,4404
PUB-2AC5EF3E51D8,4,5,test,4404
PUB-061451970F7B,4,5,test,4404
PUB-CBB1CA195546,5,1,train,5505
PUB-67C126EADCD7,5,1,train,5505
PUB-AB76135DF9CA,5,1,test,5505
PUB-D2F74CC997B7,5,1,train,5505
PUB-B18F405057BD,5,1,test,5505
PUB-7144C0C3740D,5,1,test,5505
PUB-B1D6B7AD04E8,5,1,train,5505
PUB-DF660348FD1F,5,1,train,5505
PUB-E94A6AB9D82C,5,1,train,5505
PUB-965E9C7134EE,5,1,train,5505
PUB-E352BD93648B,5,1,train,5505
PUB-6CFEE7C39CD0,5,1,train,5505
PUB-AFE69B3708B5,5,1,test,5505
PUB-E2ED1A9687A8,5,1,train,5505
PUB-767A0A64721C,5,1,test,5505
PUB-6697CC655EF0,5,1,train,5505
PUB-EC6103CF4E5D,5,1,train,5505
PUB-893C2162AACA,5,1,test,5505
PUB-F96DD130F433,5,1,train,5505
PUB-4E7F00040F89,5,1,train,5505
PUB-937A79E4882C,5,1,train,5505
PUB-7E9B923FA16C,5,1,train,5505
PUB-99F43A2D73B5,5,1,train,5505
PUB-33D059B371DB,5,1,train,5505
PUB-1AC3EE3C2C72,5,1,test,5505
PUB-811ED9A0464C,5,1,test,5505
PUB-17E5F94DFDB9,5,1,train,5505
PUB-346FE6EE1EBC,5,1,test,5505
PUB-B382B5151288,5,1,train,5505
PUB-7EA6455D87DE,5,1,train,5505
PUB-98B05095E26B,5,1,train,5505
PUB-912CB7F93C34,5,1,train,5505
PUB-776D30B081EF,5,1,train,5505
PUB-1A84FCCBB8FB,5,1,train,5505
PUB-C95058D69119,5,1,train,5505
PUB-9A25206456A5,5,1,train,5505
PUB-5B422CA2FD37,5,1,train,5505
PUB-DA64784182B4,5,1,train,5505
PUB-A552D958F16D,5,1,train,5505
PUB-63FEFC0E3530,5,1,train,5505
PUB-5B0FE2EA3077,5,1,test,5505
PUB-F1FE58694BF5,5,1,train,5505
PUB-6D54A9745F3E,5,1,train,5505
PUB-3BF60A19A235,5,1,train,5505
PUB-4748BE7838E8,5,1,train,5505
PUB-6D79E14F3764,5,1,train,5505
PUB-831563B3C3CC,5,1,test,5505
PUB-75C40A1012BC,5,1,train,5505
PUB-5D47C4F160B1,5,1,train,5505
PUB-1CF33341C088,5,1,train,5505
PUB-D9BABA1AC30F,5,1,train,5505
PUB-4E8DCEF517B4,5,1,train,5505
PUB-E785FC50FDE7,5,1,train,5505
PUB-1AFFD512AE16,5,1,train,5505
PUB-596681F0B1F2,5,1,test,5505
PUB-393DA233E0D2,5,1,train,5505
PUB-20F6B79262CC,5,1,train,5505
PUB-50F821FCE7C2,5,1,train,5505
PUB-97E07F682412,5,1,test,5505
PUB-EEE28E719BBF,5,1,test,5505
PUB-3BFA42775143,5,1,test,5505
PUB-A2424855687F,5,1,train,5505
PUB-2ACD8AA4A9C8,5,1,train,5505
PUB-2F8D763ACBF1,5,1,test,5505
PUB-E6CAF5E5CD8C,5,1,train,5505
PUB-3FA7C0635785,5,1,train,5505
PUB-81AB798DF75D,5,1,train,5505
PUB-4FBA4D640EC3,5,1,test,5505
PUB-F26DAC3C1827,5,1,train,5505
PUB-AAFC34D90F6C,5,1,train,5505
PUB-755F533A975E,5,1,train,5505
PUB-5C0136FCC9A1,5,1,train,5505
PUB-853038140981,5,1,train,5505
PUB-71ABEED26D3F,5,1,train,5505
PUB-77D25E27A837,5,1,train,5505
PUB-4D228DE3A499,5,1,train,5505
PUB-5BE09ABCB8BC,5,1,train,5505
PUB-0C65B45112F0,5,1,train,5505
PUB-CA44D543370D,5,1,train,5505
PUB-E01304846BF7,5,1,train,5505
PUB-A7891FBD6E1B,5,1,train,5505
PUB-03B12BDC39CB,5,1,train,5505
PUB-BA46FAB87D8A,5,1,train,5505
PUB-05C51C5C81E5,5,1,test,5505
PUB-D0A8260C5203,5,1,train,5505
PUB-B317299B9ECA,5,1,train,5505
PUB-59991067C242,5,1,train,5505
PUB-F26B84CA189D,5,1,train,5505
PUB-0ABA99468648,5,1,train,5505
PUB-86F81110CB3B,5,1,train,5505
PUB-E77C4842E908,5,1,test,5505
PUB-994848976B5C,5,1,train,5505
PUB-E9C619FC9244,5,1,train,5505
PUB-7AC74F0AD869,5,1,test,5505
PUB-A71992EBBCDA,5,1,train,5505
PUB-F579C00DFA5B,5,1,train,5505
PUB-F4D39C9D924B,5,1,train,5505
PUB-2EB4E6762CAC,5,1,train,5505
PUB-2AC5EF3E51D8,5,1,train,5505
PUB-061451970F7B,5,1,train,5505
PUB-CBB1CA195546,5,2,train,5505
PUB-67C126EADCD7,5,2,train,5505
PUB-AB76135DF9CA,5,2,train,5505
PUB-D2F74CC997B7,5,2,test,5505
PUB-B18F405057BD,5,2,train,5505
PUB-7144C0C3740D,5,2,train,5505
PUB-B1D6B7AD04E8,5,2,train,5505
PUB-DF660348FD1F,5,2,train,5505
PUB-E94A6AB9D82C,5,2,train,5505
PUB-965E9C7134EE,5,2,train,5505
PUB-E352BD93648B,5,2,train,5505
PUB-6CFEE7C39CD0,5,2,train,5505
PUB-AFE69B3708B5,5,2,train,5505
PUB-E2ED1A9687A8,5,2,train,5505
PUB-767A0A64721C,5,2,train,5505
PUB-6697CC655EF0,5,2,test,5505
PUB-EC6103CF4E5D,5,2,train,5505
PUB-893C2162AACA,5,2,train,5505
PUB-F96DD130F433,5,2,train,5505
PUB-4E7F00040F89,5,2,train,5505
PUB-937A79E4882C,5,2,test,5505
PUB-7E9B923FA16C,5,2,train,5505
PUB-99F43A2D73B5,5,2,test,5505
PUB-33D059B371DB,5,2,train,5505
PUB-1AC3EE3C2C72,5,2,train,5505
PUB-811ED9A0464C,5,2,train,5505
PUB-17E5F94DFDB9,5,2,test,5505
PUB-346FE6EE1EBC,5,2,train,5505
PUB-B382B5151288,5,2,train,5505
PUB-7EA6455D87DE,5,2,train,5505
PUB-98B05095E26B,5,2,train,5505
PUB-912CB7F93C34,5,2,train,5505
PUB-776D30B081EF,5,2,train,5505
PUB-1A84FCCBB8FB,5,2,train,5505
PUB-C95058D69119,5,2,train,5505
PUB-9A25206456A5,5,2,train,5505
PUB-5B422CA2FD37,5,2,train,5505
PUB-DA64784182B4,5,2,train,5505
PUB-A552D958F16D,5,2,train,5505
PUB-63FEFC0E3530,5,2,test,5505
PUB-5B0FE2EA3077,5,2,train,5505
PUB-F1FE58694BF5,5,2,train,5505
PUB-6D54A9745F3E,5,2,train,5505
PUB-3BF60A19A235,5,2,test,5505
PUB-4748BE7838E8,5,2,test,5505
PUB-6D79E14F3764,5,2,test,5505
PUB-831563B3C3CC,5,2,train,5505
PUB-75C40A1012BC,5,2,train,5505
PUB-5D47C4F160B1,5,2,train,5505
PUB-1CF33341C088,5,2,test,5505
PUB-D9BABA1AC30F,5,2,train,5505
PUB-4E8DCEF517B4,5,2,train,5505
PUB-E785FC50FDE7,5,2,train,5505
PUB-1AFFD512AE16,5,2,test,5505
PUB-596681F0B1F2,5,2,train,5505
PUB-393DA233E0D2,5,2,test,5505
PUB-20F6B79262CC,5,2,train,5505
PUB-50F821FCE7C2,5,2,train,5505
PUB-97E07F682412,5,2,train,5505
PUB-EEE28E719BBF,5,2,train,5505
PUB-3BFA42775143,5,2,train,5505
PUB-A2424855687F,5,2,train,5505
PUB-2ACD8AA4A9C8,5,2,train,5505
PUB-2F8D763ACBF1,5,2,train,5505
PUB-E6CAF5E5CD8C,5,2,train,5505
PUB-3FA7C0635785,5,2,train,5505
PUB-81AB798DF75D,5,2,train,5505
PUB-4FBA4D640EC3,5,2,train,5505
PUB-F26DAC3C1827,5,2,test,5505
PUB-AAFC34D90F6C,5,2,test,5505
PUB-755F533A975E,5,2,train,5505
PUB-5C0136FCC9A1,5,2,train,5505
PUB-853038140981,5,2,test,5505
PUB-71ABEED26D3F,5,2,test,5505
PUB-77D25E27A837,5,2,train,5505
PUB-4D228DE3A499,5,2,test,5505
PUB-5BE09ABCB8BC,5,2,train,5505
PUB-0C65B45112F0,5,2,train,5505
PUB-CA44D543370D,5,2,train,5505
PUB-E01304846BF7,5,2,train,5505
PUB-A7891FBD6E1B,5,2,train,5505
PUB-03B12BDC39CB,5,2,train,5505
PUB-BA46FAB87D8A,5,2,train,5505
PUB-05C51C5C81E5,5,2,train,5505
PUB-D0A8260C5203,5,2,train,5505
PUB-B317299B9ECA,5,2,train,5505
PUB-59991067C242,5,2,test,5505
PUB-F26B84CA189D,5,2,train,5505
PUB-0ABA99468648,5,2,train,5505
PUB-86F81110CB3B,5,2,train,5505
PUB-E77C4842E908,5,2,train,5505
PUB-994848976B5C,5,2,train,5505
PUB-E9C619FC9244,5,2,train,5505
PUB-7AC74F0AD869,5,2,train,5505
PUB-A71992EBBCDA,5,2,test,5505
PUB-F579C00DFA5B,5,2,train,5505
PUB-F4D39C9D924B,5,2,train,5505
PUB-2EB4E6762CAC,5,2,test,5505
PUB-2AC5EF3E51D8,5,2,train,5505
PUB-061451970F7B,5,2,train,5505
PUB-CBB1CA195546,5,3,train,5505
PUB-67C126EADCD7,5,3,test,5505
PUB-AB76135DF9CA,5,3,train,5505
PUB-D2F74CC997B7,5,3,train,5505
PUB-B18F405057BD,5,3,train,5505
PUB-7144C0C3740D,5,3,train,5505
PUB-B1D6B7AD04E8,5,3,train,5505
PUB-DF660348FD1F,5,3,train,5505
PUB-E94A6AB9D82C,5,3,train,5505
PUB-965E9C7134EE,5,3,train,5505
PUB-E352BD93648B,5,3,train,5505
PUB-6CFEE7C39CD0,5,3,train,5505
PUB-AFE69B3708B5,5,3,train,5505
PUB-E2ED1A9687A8,5,3,train,5505
PUB-767A0A64721C,5,3,train,5505
PUB-6697CC655EF0,5,3,train,5505
PUB-EC6103CF4E5D,5,3,train,5505
PUB-893C2162AACA,5,3,train,5505
PUB-F96DD130F433,5,3,train,5505
PUB-4E7F00040F89,5,3,test,5505
PUB-937A79E4882C,5,3,train,5505
PUB-7E9B923FA16C,5,3,test,5505
PUB-99F43A2D73B5,5,3,train,5505
PUB-33D059B371DB,5,3,train,5505
PUB-1AC3EE3C2C72,5,3,train,5505
PUB-811ED9A0464C,5,3,train,5505
PUB-17E5F94DFDB9,5,3,train,5505
PUB-346FE6EE1EBC,5,3,train,5505
PUB-B382B5151288,5,3,test,5505
PUB-7EA6455D87DE,5,3,test,5505
PUB-98B05095E26B,5,3,test,5505
PUB-912CB7F93C34,5,3,train,5505
PUB-776D30B081EF,5,3,test,5505
PUB-1A84FCCBB8FB,5,3,test,5505
PUB-C95058D69119,5,3,train,5505
PUB-9A25206456A5,5,3,train,5505
PUB-5B422CA2FD37,5,3,train,5505
PUB-DA64784182B4,5,3,train,5505
PUB-A552D958F16D,5,3,test,5505
PUB-63FEFC0E3530,5,3,train,5505
PUB-5B0FE2EA3077,5,3,train,5505
PUB-F1FE58694BF5,5,3,test,5505
PUB-6D54A9745F3E,5,3,train,5505
PUB-3BF60A19A235,5,3,train,5505
PUB-4748BE7838E8,5,3,train,5505
PUB-6D79E14F3764,5,3,train,5505
PUB-831563B3C3CC,5,3,train,5505
PUB-75C40A1012BC,5,3,train,5505
PUB-5D47C4F160B1,5,3,train,5505
PUB-1CF33341C088,5,3,train,5505
PUB-D9BABA1AC30F,5,3,train,5505
PUB-4E8DCEF517B4,5,3,train,5505
PUB-E785FC50FDE7,5,3,train,5505
PUB-1AFFD512AE16,5,3,train,5505
PUB-596681F0B1F2,5,3,train,5505
PUB-393DA233E0D2,5,3,train,5505
PUB-20F6B79262CC,5,3,test,5505
PUB-50F821FCE7C2,5,3,test,5505
PUB-97E07F682412,5,3,train,5505
PUB-EEE28E719BBF,5,3,train,5505
PUB-3BFA42775143,5,3,train,5505
PUB-A2424855687F,5,3,train,5505
PUB-2ACD8AA4A9C8,5,3,train,5505
PUB-2F8D763ACBF1,5,3,train,5505
PUB-E6CAF5E5CD8C,5,3,train,5505
PUB-3FA7C0635785,5,3,train,5505
PUB-81AB798DF75D,5,3,train,5505
PUB-4FBA4D640EC3,5,3,train,5505
PUB-F26DAC3C1827,5,3,train,5505
PUB-AAFC34D90F6C,5,3,train,5505
PUB-755F533A975E,5,3,train,5505
PUB-5C0136FCC9A1,5,3,test,5505
PUB-853038140981,5,3,train,5505
PUB-71ABEED26D3F,5,3,train,5505
PUB-77D25E27A837,5,3,test,5505
PUB-4D228DE3A499,5,3,train,5505
PUB-5BE09ABCB8BC,5,3,train,5505
PUB-0C65B45112F0,5,3,test,5505
PUB-CA44D543370D,5,3,train,5505
PUB-E01304846BF7,5,3,train,5505
PUB-A7891FBD6E1B,5,3,train,5505
PUB-03B12BDC39CB,5,3,train,5505
PUB-BA46FAB87D8A,5,3,test,5505
PUB-05C51C5C81E5,5,3,train,5505
PUB-D0A8260C5203,5,3,test,5505
PUB-B317299B9ECA,5,3,train,5505
PUB-59991067C242,5,3,train,5505
PUB-F26B84CA189D,5,3,train,5505
PUB-0ABA99468648,5,3,test,5505
PUB-86F81110CB3B,5,3,train,5505
PUB-E77C4842E908,5,3,train,5505
PUB-994848976B5C,5,3,train,5505
PUB-E9C619FC9244,5,3,test,5505
PUB-7AC74F0AD869,5,3,train,5505
PUB-A71992EBBCDA,5,3,train,5505
PUB-F579C00DFA5B,5,3,train,5505
PUB-F4D39C9D924B,5,3,train,5505
PUB-2EB4E6762CAC,5,3,train,5505
PUB-2AC5EF3E51D8,5,3,train,5505
PUB-061451970F7B,5,3,test,5505
PUB-CBB1CA195546,5,4,train,5505
PUB-67C126EADCD7,5,4,train,5505
PUB-AB76135DF9CA,5,4,train,5505
PUB-D2F74CC997B7,5,4,train,5505
PUB-B18F405057BD,5,4,train,5505
PUB-7144C0C3740D,5,4,train,5505
PUB-B1D6B7AD04E8,5,4,test,5505
PUB-DF660348FD1F,5,4,train,5505
PUB-E94A6AB9D82C,5,4,train,5505
PUB-965E9C7134EE,5,4,train,5505
PUB-E352BD93648B,5,4,test,5505
PUB-6CFEE7C39CD0,5,4,test,5505
PUB-AFE69B3708B5,5,4,train,5505
PUB-E2ED1A9687A8,5,4,train,5505
PUB-767A0A64721C,5,4,train,5505
PUB-6697CC655EF0,5,4,train,5505
PUB-EC6103CF4E5D,5,4,train,5505
PUB-893C2162AACA,5,4,train,5505
PUB-F96DD130F433,5,4,test,5505
PUB-4E7F00040F89,5,4,train,5505
PUB-937A79E4882C,5,4,train,5505
PUB-7E9B923FA16C,5,4,train,5505
PUB-99F43A2D73B5,5,4,train,5505
PUB-33D059B371DB,5,4,test,5505
PUB-1AC3EE3C2C72,5,4,train,5505
PUB-811ED9A0464C,5,4,train,5505
PUB-17E5F94DFDB9,5,4,train,5505
PUB-346FE6EE1EBC,5,4,train,5505
PUB-B382B5151288,5,4,train,5505
PUB-7EA6455D87DE,5,4,train,5505
PUB-98B05095E26B,5,4,train,5505
PUB-912CB7F93C34,5,4,train,5505
PUB-776D30B081EF,5,4,train,5505
PUB-1A84FCCBB8FB,5,4,train,5505
PUB-C95058D69119,5,4,train,5505
PUB-9A25206456A5,5,4,train,5505
PUB-5B422CA2FD37,5,4,test,5505
PUB-DA64784182B4,5,4,train,5505
PUB-A552D958F16D,5,4,train,5505
PUB-63FEFC0E3530,5,4,train,5505
PUB-5B0FE2EA3077,5,4,train,5505
PUB-F1FE58694BF5,5,4,train,5505
PUB-6D54A9745F3E,5,4,train,5505
PUB-3BF60A19A235,5,4,train,5505
PUB-4748BE7838E8,5,4,train,5505
PUB-6D79E14F3764,5,4,train,5505
PUB-831563B3C3CC,5,4,train,5505
PUB-75C40A1012BC,5,4,test,5505
PUB-5D47C4F160B1,5,4,train,5505
PUB-1CF33341C088,5,4,train,5505
PUB-D9BABA1AC30F,5,4,test,5505
PUB-4E8DCEF517B4,5,4,train,5505
PUB-E785FC50FDE7,5,4,test,5505
PUB-1AFFD512AE16,5,4,train,5505
PUB-596681F0B1F2,5,4,train,5505
PUB-393DA233E0D2,5,4,train,5505
PUB-20F6B79262CC,5,4,train,5505
PUB-50F821FCE7C2,5,4,train,5505
PUB-97E07F682412,5,4,train,5505
PUB-EEE28E719BBF,5,4,train,5505
PUB-3BFA42775143,5,4,train,5505
PUB-A2424855687F,5,4,test,5505
PUB-2ACD8AA4A9C8,5,4,test,5505
PUB-2F8D763ACBF1,5,4,train,5505
PUB-E6CAF5E5CD8C,5,4,train,5505
PUB-3FA7C0635785,5,4,train,5505
PUB-81AB798DF75D,5,4,test,5505
PUB-4FBA4D640EC3,5,4,train,5505
PUB-F26DAC3C1827,5,4,train,5505
PUB-AAFC34D90F6C,5,4,train,5505
PUB-755F533A975E,5,4,test,5505
PUB-5C0136FCC9A1,5,4,train,5505
PUB-853038140981,5,4,train,5505
PUB-71ABEED26D3F,5,4,train,5505
PUB-77D25E27A837,5,4,train,5505
PUB-4D228DE3A499,5,4,train,5505
PUB-5BE09ABCB8BC,5,4,test,5505
PUB-0C65B45112F0,5,4,train,5505
PUB-CA44D543370D,5,4,train,5505
PUB-E01304846BF7,5,4,test,5505
PUB-A7891FBD6E1B,5,4,test,5505
PUB-03B12BDC39CB,5,4,train,5505
PUB-BA46FAB87D8A,5,4,train,5505
PUB-05C51C5C81E5,5,4,train,5505
PUB-D0A8260C5203,5,4,train,5505
PUB-B317299B9ECA,5,4,test,5505
PUB-59991067C242,5,4,train,5505
PUB-F26B84CA189D,5,4,train,5505
PUB-0ABA99468648,5,4,train,5505
PUB-86F81110CB3B,5,4,test,5505
PUB-E77C4842E908,5,4,train,5505
PUB-994848976B5C,5,4,test,5505
PUB-E9C619FC9244,5,4,train,5505
PUB-7AC74F0AD869,5,4,train,5505
PUB-A71992EBBCDA,5,4,train,5505
PUB-F579C00DFA5B,5,4,train,5505
PUB-F4D39C9D924B,5,4,test,5505
PUB-2EB4E6762CAC,5,4,train,5505
PUB-2AC5EF3E51D8,5,4,train,5505
PUB-061451970F7B,5,4,train,5505
PUB-CBB1CA195546,5,5,test,5505
PUB-67C126EADCD7,5,5,train,5505
PUB-AB76135DF9CA,5,5,train,5505
PUB-D2F74CC997B7,5,5,train,5505
PUB-B18F405057BD,5,5,train,5505
PUB-7144C0C3740D,5,5,train,5505
PUB-B1D6B7AD04E8,5,5,train,5505
PUB-DF660348FD1F,5,5,test,5505
PUB-E94A6AB9D82C,5,5,test,5505
PUB-965E9C7134EE,5,5,test,5505
PUB-E352BD93648B,5,5,train,5505
PUB-6CFEE7C39CD0,5,5,train,5505
PUB-AFE69B3708B5,5,5,train,5505
PUB-E2ED1A9687A8,5,5,test,5505
PUB-767A0A64721C,5,5,train,5505
PUB-6697CC655EF0,5,5,train,5505
PUB-EC6103CF4E5D,5,5,test,5505
PUB-893C2162AACA,5,5,train,5505
PUB-F96DD130F433,5,5,train,5505
PUB-4E7F00040F89,5,5,train,5505
PUB-937A79E4882C,5,5,train,5505
PUB-7E9B923FA16C,5,5,train,5505
PUB-99F43A2D73B5,5,5,train,5505
PUB-33D059B371DB,5,5,train,5505
PUB-1AC3EE3C2C72,5,5,train,5505
PUB-811ED9A0464C,5,5,train,5505
PUB-17E5F94DFDB9,5,5,train,5505
PUB-346FE6EE1EBC,5,5,train,5505
PUB-B382B5151288,5,5,train,5505
PUB-7EA6455D87DE,5,5,train,5505
PUB-98B05095E26B,5,5,train,5505
PUB-912CB7F93C34,5,5,test,5505
PUB-776D30B081EF,5,5,train,5505
PUB-1A84FCCBB8FB,5,5,train,5505
PUB-C95058D69119,5,5,test,5505
PUB-9A25206456A5,5,5,test,5505
PUB-5B422CA2FD37,5,5,train,5505
PUB-DA64784182B4,5,5,test,5505
PUB-A552D958F16D,5,5,train,5505
PUB-63FEFC0E3530,5,5,train,5505
PUB-5B0FE2EA3077,5,5,train,5505
PUB-F1FE58694BF5,5,5,train,5505
PUB-6D54A9745F3E,5,5,test,5505
PUB-3BF60A19A235,5,5,train,5505
PUB-4748BE7838E8,5,5,train,5505
PUB-6D79E14F3764,5,5,train,5505
PUB-831563B3C3CC,5,5,train,5505
PUB-75C40A1012BC,5,5,train,5505
PUB-5D47C4F160B1,5,5,test,5505
PUB-1CF33341C088,5,5,train,5505
PUB-D9BABA1AC30F,5,5,train,5505
PUB-4E8DCEF517B4,5,5,test,5505
PUB-E785FC50FDE7,5,5,train,5505
PUB-1AFFD512AE16,5,5,train,5505
PUB-596681F0B1F2,5,5,train,5505
PUB-393DA233E0D2,5,5,train,5505
PUB-20F6B79262CC,5,5,train,5505
PUB-50F821FCE7C2,5,5,train,5505
PUB-97E07F682412,5,5,train,5505
PUB-EEE28E719BBF,5,5,train,5505
PUB-3BFA42775143,5,5,train,5505
PUB-A2424855687F,5,5,train,5505
PUB-2ACD8AA4A9C8,5,5,train,5505
PUB-2F8D763ACBF1,5,5,train,5505
PUB-E6CAF5E5CD8C,5,5,test,5505
PUB-3FA7C0635785,5,5,test,5505
PUB-81AB798DF75D,5,5,train,5505
PUB-4FBA4D640EC3,5,5,train,5505
PUB-F26DAC3C1827,5,5,train,5505
PUB-AAFC34D90F6C,5,5,train,5505
PUB-755F533A975E,5,5,train,5505
PUB-5C0136FCC9A1,5,5,train,5505
PUB-853038140981,5,5,train,5505
PUB-71ABEED26D3F,5,5,train,5505
PUB-77D25E27A837,5,5,train,5505
PUB-4D228DE3A499,5,5,train,5505
PUB-5BE09ABCB8BC,5,5,train,5505
PUB-0C65B45112F0,5,5,train,5505
PUB-CA44D543370D,5,5,test,5505
PUB-E01304846BF7,5,5,train,5505
PUB-A7891FBD6E1B,5,5,train,5505
PUB-03B12BDC39CB,5,5,test,5505
PUB-BA46FAB87D8A,5,5,train,5505
PUB-05C51C5C81E5,5,5,train,5505
PUB-D0A8260C5203,5,5,train,5505
PUB-B317299B9ECA,5,5,train,5505
PUB-59991067C242,5,5,train,5505
PUB-F26B84CA189D,5,5,test,5505
PUB-0ABA99468648,5,5,train,5505
PUB-86F81110CB3B,5,5,train,5505
PUB-E77C4842E908,5,5,train,5505
PUB-994848976B5C,5,5,train,5505
PUB-E9C619FC9244,5,5,train,5505
PUB-7AC74F0AD869,5,5,train,5505
PUB-A71992EBBCDA,5,5,train,5505
PUB-F579C00DFA5B,5,5,test,5505
PUB-F4D39C9D924B,5,5,train,5505
PUB-2EB4E6762CAC,5,5,train,5505
PUB-2AC5EF3E51D8,5,5,test,5505
PUB-061451970F7B,5,5,train,5505
